2025-12-29 08:52:02 [main] INFO  c.a.nacos.client.utils.ParamUtil - [settings] [req-serv] nacos-server port:8848
2025-12-29 08:52:02 [main] INFO  c.a.nacos.client.utils.ParamUtil - [settings] [http-client] connect timeout:1000
2025-12-29 08:52:02 [main] INFO  c.a.nacos.client.utils.ParamUtil - PER_TASK_CONFIG_SIZE: 3000.0
2025-12-29 08:52:02 [Thread-2] INFO  c.a.n.c.a.r.i.CredentialWatcher - null No credential found
2025-12-29 08:52:02 [main] INFO  com.alibaba.nacos.common.labels - DefaultLabelsCollectorManager get labels.....
2025-12-29 08:52:02 [main] INFO  com.alibaba.nacos.common.labels - Process LabelsCollector with [name:defaultNacosLabelsCollector]
2025-12-29 08:52:02 [main] INFO  com.alibaba.nacos.common.labels - default nacos collect properties raw labels: null
2025-12-29 08:52:02 [main] INFO  com.alibaba.nacos.common.labels - default nacos collect properties labels: {}
2025-12-29 08:52:02 [main] INFO  com.alibaba.nacos.common.labels - default nacos collect jvm raw labels: null
2025-12-29 08:52:02 [main] INFO  com.alibaba.nacos.common.labels - default nacos collect jvm labels: {}
2025-12-29 08:52:02 [main] INFO  com.alibaba.nacos.common.labels - default nacos collect env raw labels: null
2025-12-29 08:52:02 [main] INFO  com.alibaba.nacos.common.labels - default nacos collect env labels: {}
2025-12-29 08:52:02 [main] INFO  com.alibaba.nacos.common.labels - DefaultLabelsCollectorManager get labels finished,labels :{}
2025-12-29 08:52:02 [main] INFO  c.a.n.p.a.s.c.ClientAuthPluginManager - [ClientAuthPluginManager] Load ClientAuthService com.alibaba.nacos.client.auth.impl.NacosClientAuthServiceImpl success.
2025-12-29 08:52:02 [main] INFO  c.a.n.p.a.s.c.ClientAuthPluginManager - [ClientAuthPluginManager] Load ClientAuthService com.alibaba.nacos.client.auth.ram.RamClientAuthServiceImpl success.
2025-12-29 08:52:03 [main] INFO  c.a.n.c.c.i.LocalConfigInfoProcessor - LOCAL_SNAPSHOT_PATH:C:\Users\24148\nacos\config
2025-12-29 08:52:03 [main] INFO  c.alibaba.nacos.common.remote.client - [RpcClientFactory] create a new rpc client of c802dca5-198b-4dc4-bc3a-72d8930ca300_config-0
2025-12-29 08:52:03 [main] INFO  c.alibaba.nacos.common.remote.client - [c802dca5-198b-4dc4-bc3a-72d8930ca300_config-0] Register server push request handler:com.alibaba.nacos.client.config.impl.ClientWorker$ConfigRpcTransportClient$$Lambda$932/0x0000000800facd28
2025-12-29 08:52:03 [main] INFO  c.alibaba.nacos.common.remote.client - [c802dca5-198b-4dc4-bc3a-72d8930ca300_config-0] Register server push request handler:com.alibaba.nacos.client.config.impl.ClientWorker$ConfigRpcTransportClient$$Lambda$933/0x0000000800fad148
2025-12-29 08:52:03 [main] INFO  c.alibaba.nacos.common.remote.client - [c802dca5-198b-4dc4-bc3a-72d8930ca300_config-0] Registry connection listener to current client:com.alibaba.nacos.client.config.impl.ClientWorker$ConfigRpcTransportClient$1
2025-12-29 08:52:03 [main] INFO  c.alibaba.nacos.common.remote.client - [c802dca5-198b-4dc4-bc3a-72d8930ca300_config-0] RpcClient init, ServerListFactory = com.alibaba.nacos.client.config.impl.ClientWorker$ConfigRpcTransportClient$2
2025-12-29 08:52:03 [main] INFO  c.alibaba.nacos.common.remote.client - [c802dca5-198b-4dc4-bc3a-72d8930ca300_config-0] Try to connect to server on start up, server: {serverIp = '127.0.0.1', server main port = 8848}
2025-12-29 08:52:03 [main] INFO  c.a.n.c.r.client.grpc.GrpcClient - grpc client connection server:127.0.0.1 ip,serverPort:9848,grpcTslConfig:{"sslProvider":"","enableTls":false,"mutualAuthEnable":false,"trustAll":false}
2025-12-29 08:52:05 [main] INFO  c.a.n.c.a.AbstractAbilityControlManager - Ready to get current node abilities...
2025-12-29 08:52:05 [main] INFO  c.a.n.c.a.AbstractAbilityControlManager - Ready to initialize current node abilities, support modes: [SDK_CLIENT]
2025-12-29 08:52:05 [main] INFO  c.a.n.c.a.AbstractAbilityControlManager - Initialize current abilities finish...
2025-12-29 08:52:05 [main] INFO  c.a.n.c.a.d.NacosAbilityManagerHolder - [AbilityControlManager] Successfully initialize AbilityControlManager
2025-12-29 08:52:05 [main] INFO  c.alibaba.nacos.common.remote.client - [c802dca5-198b-4dc4-bc3a-72d8930ca300_config-0] Success to connect to server [127.0.0.1:8848] on start up, connectionId = 1766969525782_127.0.0.1_58688
2025-12-29 08:52:05 [com.alibaba.nacos.client.remote.worker.0] INFO  c.alibaba.nacos.common.remote.client - [c802dca5-198b-4dc4-bc3a-72d8930ca300_config-0] Notify connected event to listeners.
2025-12-29 08:52:05 [com.alibaba.nacos.client.remote.worker.0] INFO  c.a.n.c.config.impl.ClientWorker - [c802dca5-198b-4dc4-bc3a-72d8930ca300_config-0] Connected,notify listen context...
2025-12-29 08:52:05 [main] INFO  c.alibaba.nacos.common.remote.client - [c802dca5-198b-4dc4-bc3a-72d8930ca300_config-0] Register server push request handler:com.alibaba.nacos.common.remote.client.RpcClient$ConnectResetRequestHandler
2025-12-29 08:52:05 [main] INFO  c.alibaba.nacos.common.remote.client - [c802dca5-198b-4dc4-bc3a-72d8930ca300_config-0] Register server push request handler:com.alibaba.nacos.common.remote.client.RpcClient$$Lambda$948/0x00000008010f5308
2025-12-29 08:52:06 [main] INFO  c.a.nacos.client.config.impl.Limiter - limitTime:5.0
2025-12-29 08:52:06 [main] WARN  c.a.c.n.c.NacosPropertySourceBuilder - Ignore the empty nacos configuration and get it based on dataId[event] & group[DEFAULT_GROUP]
2025-12-29 08:52:06 [main] WARN  c.a.c.n.c.NacosPropertySourceBuilder - Ignore the empty nacos configuration and get it based on dataId[event.properties] & group[DEFAULT_GROUP]
2025-12-29 08:52:06 [main] INFO  o.s.c.b.c.PropertySourceBootstrapConfiguration - Located property source: [BootstrapPropertySource {name='bootstrapProperties-event.properties,DEFAULT_GROUP'}, BootstrapPropertySource {name='bootstrapProperties-event,DEFAULT_GROUP'}]
2025-12-29 08:52:06 [main] INFO  c.e.event.EventApplicationTests - No active profile set, falling back to 1 default profile: "default"
2025-12-29 08:52:07 [main] INFO  o.s.d.r.c.RepositoryConfigurationDelegate - Multiple Spring Data modules found, entering strict repository configuration mode
2025-12-29 08:52:07 [main] INFO  o.s.d.r.c.RepositoryConfigurationDelegate - Bootstrapping Spring Data JDBC repositories in DEFAULT mode.
2025-12-29 08:52:07 [main] INFO  o.s.d.r.c.RepositoryConfigurationDelegate - Finished Spring Data repository scanning in 14 ms. Found 0 JDBC repository interfaces.
2025-12-29 08:52:07 [main] INFO  o.s.d.r.c.RepositoryConfigurationDelegate - Multiple Spring Data modules found, entering strict repository configuration mode
2025-12-29 08:52:07 [main] INFO  o.s.d.r.c.RepositoryConfigurationDelegate - Bootstrapping Spring Data JPA repositories in DEFAULT mode.
2025-12-29 08:52:07 [main] INFO  o.s.d.r.c.RepositoryConfigurationDelegate - Finished Spring Data repository scanning in 6 ms. Found 0 JPA repository interfaces.
2025-12-29 08:52:08 [main] INFO  o.s.cloud.context.scope.GenericScope - BeanFactory id=1d72fb99-e4cf-3cff-bc4b-3a604f8db5f2
2025-12-29 08:52:08 [main] WARN  o.s.c.s.PostProcessorRegistrationDelegate$BeanPostProcessorChecker - Bean 'org.springframework.cloud.client.loadbalancer.LoadBalancerAutoConfiguration$LoadBalancerInterceptorConfig' of type [org.springframework.cloud.client.loadbalancer.LoadBalancerAutoConfiguration$LoadBalancerInterceptorConfig] is not eligible for getting processed by all BeanPostProcessors (for example: not eligible for auto-proxying). The currently created BeanPostProcessor [lbRestClientPostProcessor] is declared through a non-static factory method on that class; consider declaring it as static instead.
2025-12-29 08:52:08 [main] WARN  o.s.c.s.PostProcessorRegistrationDelegate$BeanPostProcessorChecker - Bean 'org.springframework.cloud.loadbalancer.config.BlockingLoadBalancerClientAutoConfiguration' of type [org.springframework.cloud.loadbalancer.config.BlockingLoadBalancerClientAutoConfiguration] is not eligible for getting processed by all BeanPostProcessors (for example: not eligible for auto-proxying). Is this bean getting eagerly injected into a currently created BeanPostProcessor [lbRestClientPostProcessor]? Check the corresponding BeanPostProcessor declaration and its dependencies.
2025-12-29 08:52:08 [main] WARN  o.s.c.s.PostProcessorRegistrationDelegate$BeanPostProcessorChecker - Bean 'org.springframework.cloud.loadbalancer.config.LoadBalancerAutoConfiguration' of type [org.springframework.cloud.loadbalancer.config.LoadBalancerAutoConfiguration] is not eligible for getting processed by all BeanPostProcessors (for example: not eligible for auto-proxying). Is this bean getting eagerly injected into a currently created BeanPostProcessor [lbRestClientPostProcessor]? Check the corresponding BeanPostProcessor declaration and its dependencies.
2025-12-29 08:52:08 [main] WARN  o.s.c.s.PostProcessorRegistrationDelegate$BeanPostProcessorChecker - Bean 'org.springframework.cloud.commons.config.CommonsConfigAutoConfiguration' of type [org.springframework.cloud.commons.config.CommonsConfigAutoConfiguration] is not eligible for getting processed by all BeanPostProcessors (for example: not eligible for auto-proxying). Is this bean getting eagerly injected into a currently created BeanPostProcessor [lbRestClientPostProcessor]? Check the corresponding BeanPostProcessor declaration and its dependencies.
2025-12-29 08:52:08 [main] WARN  o.s.c.s.PostProcessorRegistrationDelegate$BeanPostProcessorChecker - Bean 'org.springframework.cloud.client.loadbalancer.LoadBalancerDefaultMappingsProviderAutoConfiguration' of type [org.springframework.cloud.client.loadbalancer.LoadBalancerDefaultMappingsProviderAutoConfiguration] is not eligible for getting processed by all BeanPostProcessors (for example: not eligible for auto-proxying). Is this bean getting eagerly injected into a currently created BeanPostProcessor [lbRestClientPostProcessor]? Check the corresponding BeanPostProcessor declaration and its dependencies.
2025-12-29 08:52:08 [main] WARN  o.s.c.s.PostProcessorRegistrationDelegate$BeanPostProcessorChecker - Bean 'loadBalancerClientsDefaultsMappingsProvider' of type [org.springframework.cloud.client.loadbalancer.LoadBalancerDefaultMappingsProviderAutoConfiguration$$Lambda$1078/0x000000080124daa8] is not eligible for getting processed by all BeanPostProcessors (for example: not eligible for auto-proxying). Is this bean getting eagerly injected into a currently created BeanPostProcessor [lbRestClientPostProcessor]? Check the corresponding BeanPostProcessor declaration and its dependencies.
2025-12-29 08:52:08 [main] WARN  o.s.c.s.PostProcessorRegistrationDelegate$BeanPostProcessorChecker - Bean 'defaultsBindHandlerAdvisor' of type [org.springframework.cloud.commons.config.DefaultsBindHandlerAdvisor] is not eligible for getting processed by all BeanPostProcessors (for example: not eligible for auto-proxying). Is this bean getting eagerly injected into a currently created BeanPostProcessor [lbRestClientPostProcessor]? Check the corresponding BeanPostProcessor declaration and its dependencies.
2025-12-29 08:52:08 [main] WARN  o.s.c.s.PostProcessorRegistrationDelegate$BeanPostProcessorChecker - Bean 'spring.cloud.loadbalancer-org.springframework.cloud.client.loadbalancer.LoadBalancerClientsProperties' of type [org.springframework.cloud.client.loadbalancer.LoadBalancerClientsProperties] is not eligible for getting processed by all BeanPostProcessors (for example: not eligible for auto-proxying). Is this bean getting eagerly injected into a currently created BeanPostProcessor [lbRestClientPostProcessor]? Check the corresponding BeanPostProcessor declaration and its dependencies.
2025-12-29 08:52:08 [main] WARN  o.s.c.s.PostProcessorRegistrationDelegate$BeanPostProcessorChecker - Bean 'default.org.springframework.cloud.loadbalancer.config.LoadBalancerAutoConfiguration.LoadBalancerClientSpecification' of type [org.springframework.cloud.loadbalancer.annotation.LoadBalancerClientSpecification] is not eligible for getting processed by all BeanPostProcessors (for example: not eligible for auto-proxying). Is this bean getting eagerly injected into a currently created BeanPostProcessor [lbRestClientPostProcessor]? Check the corresponding BeanPostProcessor declaration and its dependencies.
2025-12-29 08:52:08 [main] WARN  o.s.c.s.PostProcessorRegistrationDelegate$BeanPostProcessorChecker - Bean 'default.org.springframework.cloud.loadbalancer.config.BlockingLoadBalancerClientAutoConfiguration.LoadBalancerClientSpecification' of type [org.springframework.cloud.loadbalancer.annotation.LoadBalancerClientSpecification] is not eligible for getting processed by all BeanPostProcessors (for example: not eligible for auto-proxying). Is this bean getting eagerly injected into a currently created BeanPostProcessor [lbRestClientPostProcessor]? Check the corresponding BeanPostProcessor declaration and its dependencies.
2025-12-29 08:52:08 [main] WARN  o.s.c.s.PostProcessorRegistrationDelegate$BeanPostProcessorChecker - Bean 'loadBalancerClientFactory' of type [org.springframework.cloud.loadbalancer.support.LoadBalancerClientFactory] is not eligible for getting processed by all BeanPostProcessors (for example: not eligible for auto-proxying). Is this bean getting eagerly injected into a currently created BeanPostProcessor [lbRestClientPostProcessor]? Check the corresponding BeanPostProcessor declaration and its dependencies.
2025-12-29 08:52:08 [main] WARN  o.s.c.s.PostProcessorRegistrationDelegate$BeanPostProcessorChecker - Bean 'blockingLoadBalancerClient' of type [org.springframework.cloud.loadbalancer.blocking.client.BlockingLoadBalancerClient] is not eligible for getting processed by all BeanPostProcessors (for example: not eligible for auto-proxying). Is this bean getting eagerly injected into a currently created BeanPostProcessor [lbRestClientPostProcessor]? Check the corresponding BeanPostProcessor declaration and its dependencies.
2025-12-29 08:52:08 [main] WARN  o.s.c.s.PostProcessorRegistrationDelegate$BeanPostProcessorChecker - Bean 'loadBalancerServiceInstanceCookieTransformer' of type [org.springframework.cloud.loadbalancer.core.LoadBalancerServiceInstanceCookieTransformer] is not eligible for getting processed by all BeanPostProcessors (for example: not eligible for auto-proxying). Is this bean getting eagerly injected into a currently created BeanPostProcessor [lbRestClientPostProcessor]? Check the corresponding BeanPostProcessor declaration and its dependencies.
2025-12-29 08:52:08 [main] WARN  o.s.c.s.PostProcessorRegistrationDelegate$BeanPostProcessorChecker - Bean 'xForwarderHeadersTransformer' of type [org.springframework.cloud.loadbalancer.blocking.XForwardedHeadersTransformer] is not eligible for getting processed by all BeanPostProcessors (for example: not eligible for auto-proxying). Is this bean getting eagerly injected into a currently created BeanPostProcessor [lbRestClientPostProcessor]? Check the corresponding BeanPostProcessor declaration and its dependencies.
2025-12-29 08:52:08 [main] WARN  o.s.c.s.PostProcessorRegistrationDelegate$BeanPostProcessorChecker - Bean 'org.springframework.cloud.client.loadbalancer.LoadBalancerAutoConfiguration' of type [org.springframework.cloud.client.loadbalancer.LoadBalancerAutoConfiguration] is not eligible for getting processed by all BeanPostProcessors (for example: not eligible for auto-proxying). Is this bean getting eagerly injected into a currently created BeanPostProcessor [lbRestClientPostProcessor]? Check the corresponding BeanPostProcessor declaration and its dependencies.
2025-12-29 08:52:08 [main] WARN  o.s.c.s.PostProcessorRegistrationDelegate$BeanPostProcessorChecker - Bean 'loadBalancerRequestFactory' of type [org.springframework.cloud.client.loadbalancer.LoadBalancerRequestFactory] is not eligible for getting processed by all BeanPostProcessors (for example: not eligible for auto-proxying). Is this bean getting eagerly injected into a currently created BeanPostProcessor [lbRestClientPostProcessor]? Check the corresponding BeanPostProcessor declaration and its dependencies.
2025-12-29 08:52:08 [main] WARN  o.s.c.s.PostProcessorRegistrationDelegate$BeanPostProcessorChecker - Bean 'loadBalancerInterceptor' of type [org.springframework.cloud.client.loadbalancer.LoadBalancerInterceptor] is not eligible for getting processed by all BeanPostProcessors (for example: not eligible for auto-proxying). Is this bean getting eagerly injected into a currently created BeanPostProcessor [lbRestClientPostProcessor]? Check the corresponding BeanPostProcessor declaration and its dependencies.
2025-12-29 08:52:09 [main] INFO  com.zaxxer.hikari.HikariDataSource - HikariPool-1 - Starting...
2025-12-29 08:52:09 [main] INFO  com.zaxxer.hikari.pool.HikariPool - HikariPool-1 - Added connection com.mysql.cj.jdbc.ConnectionImpl@205f52ea
2025-12-29 08:52:09 [main] INFO  com.zaxxer.hikari.HikariDataSource - HikariPool-1 - Start completed.
2025-12-29 08:52:09 [main] INFO  o.h.jpa.internal.util.LogHelper - HHH000204: Processing PersistenceUnitInfo [name: default]
2025-12-29 08:52:09 [main] INFO  org.hibernate.Version - HHH000412: Hibernate ORM core version 6.3.1.Final
2025-12-29 08:52:10 [main] INFO  o.h.c.i.RegionFactoryInitiator - HHH000026: Second-level cache disabled
2025-12-29 08:52:10 [main] INFO  o.s.o.j.p.SpringPersistenceUnitInfo - No LoadTimeWeaver setup: ignoring JPA class transformer
2025-12-29 08:52:10 [main] WARN  org.hibernate.orm.deprecation - HHH90000025: MySQL8Dialect does not need to be specified explicitly using 'hibernate.dialect' (remove the property setting and it will be selected by default)
2025-12-29 08:52:10 [main] WARN  org.hibernate.orm.deprecation - HHH90000026: MySQL8Dialect has been deprecated; use org.hibernate.dialect.MySQLDialect instead
2025-12-29 08:52:11 [main] INFO  o.h.e.t.j.p.i.JtaPlatformInitiator - HHH000489: No JTA platform available (set 'hibernate.transaction.jta.platform' to enable JTA platform integration)
2025-12-29 08:52:11 [main] INFO  o.s.o.j.LocalContainerEntityManagerFactoryBean - Initialized JPA EntityManagerFactory for persistence unit 'default'
2025-12-29 08:52:12 [main] WARN  o.s.b.a.o.j.JpaBaseConfiguration$JpaWebConfiguration - spring.jpa.open-in-view is enabled by default. Therefore, database queries may be performed during view rendering. Explicitly configure spring.jpa.open-in-view to disable this warning
2025-12-29 08:52:14 [main] TRACE o.s.s.c.a.a.c.AuthenticationConfiguration$EnableGlobalAuthenticationAutowiredConfigurer - Eagerly initializing {org.springframework.boot.autoconfigure.security.servlet.SpringBootWebSecurityConfiguration$WebSecurityEnablerConfiguration=org.springframework.boot.autoconfigure.security.servlet.SpringBootWebSecurityConfiguration$WebSecurityEnablerConfiguration@2f9d47a3}
2025-12-29 08:52:14 [main] WARN  o.s.b.a.s.s.UserDetailsServiceAutoConfiguration - 

Using generated security password: 55eaf25c-7e6c-4044-a0cf-b1ad385ab2f2

This generated password is for development use only. Your security configuration must be updated before running your application in production.

2025-12-29 08:52:15 [main] INFO  o.s.s.web.DefaultSecurityFilterChain - Will secure any request with [org.springframework.security.web.session.DisableEncodeUrlFilter@42af2977, org.springframework.security.web.context.request.async.WebAsyncManagerIntegrationFilter@14acc33e, org.springframework.security.web.context.SecurityContextHolderFilter@6cb2d5ea, org.springframework.security.web.header.HeaderWriterFilter@1018552d, org.springframework.web.filter.CorsFilter@6cbb79c3, org.springframework.security.web.csrf.CsrfFilter@5120886f, org.springframework.security.web.authentication.logout.LogoutFilter@59b8a801, org.springframework.security.web.authentication.UsernamePasswordAuthenticationFilter@4b6ad2eb, org.springframework.security.web.authentication.ui.DefaultLoginPageGeneratingFilter@2d10160a, org.springframework.security.web.authentication.ui.DefaultLogoutPageGeneratingFilter@7bc46dde, org.springframework.security.web.authentication.www.BasicAuthenticationFilter@15a87fbb, org.springframework.security.web.savedrequest.RequestCacheAwareFilter@2e9bff08, org.springframework.security.web.servletapi.SecurityContextHolderAwareRequestFilter@54151d07, org.springframework.security.web.authentication.AnonymousAuthenticationFilter@409b1740, org.springframework.security.web.access.ExceptionTranslationFilter@533165e7, org.springframework.security.web.access.intercept.AuthorizationFilter@6ad2cb6d]
2025-12-29 08:52:15 [main] WARN  o.s.c.l.c.LoadBalancerCacheAutoConfiguration$LoadBalancerCaffeineWarnLogger - Spring Cloud LoadBalancer is currently working with the default cache. While this cache implementation is useful for development and tests, it's recommended to use Caffeine cache in production.You can switch to using Caffeine cache, by adding it and org.springframework.cache.caffeine.CaffeineCacheManager to the classpath.
2025-12-29 08:52:15 [main] INFO  c.e.event.EventApplicationTests - Started EventApplicationTests in 15.122 seconds (process running for 17.924)
2025-12-29 08:52:15 [main] INFO  c.a.n.client.config.impl.CacheData - config listener notify warn timeout millis use default 60000 millis 
2025-12-29 08:52:15 [main] INFO  c.a.n.client.config.impl.CacheData - nacos.cache.data.init.snapshot = true 
2025-12-29 08:52:15 [main] INFO  c.a.n.c.config.impl.ClientWorker - [fixed-127.0.0.1_8848] [subscribe] event+DEFAULT_GROUP
2025-12-29 08:52:15 [main] INFO  c.a.n.client.config.impl.CacheData - [fixed-127.0.0.1_8848] [add-listener] ok, tenant=, dataId=event, group=DEFAULT_GROUP, cnt=1
2025-12-29 08:52:15 [main] INFO  c.a.c.n.r.NacosContextRefresher - [Nacos Config] Listening config: dataId=event, group=DEFAULT_GROUP
2025-12-29 08:52:15 [main] INFO  c.a.n.c.config.impl.ClientWorker - [fixed-127.0.0.1_8848] [subscribe] event.properties+DEFAULT_GROUP
2025-12-29 08:52:15 [main] INFO  c.a.n.client.config.impl.CacheData - [fixed-127.0.0.1_8848] [add-listener] ok, tenant=, dataId=event.properties, group=DEFAULT_GROUP, cnt=1
2025-12-29 08:52:15 [main] INFO  c.a.c.n.r.NacosContextRefresher - [Nacos Config] Listening config: dataId=event.properties, group=DEFAULT_GROUP
2025-12-29 08:52:17 [Thread-6] WARN  c.a.nacos.common.notify.NotifyCenter - [NotifyCenter] Start destroying Publisher
2025-12-29 08:52:17 [Thread-6] WARN  c.a.nacos.common.notify.NotifyCenter - [NotifyCenter] Destruction of the end
2025-12-29 08:52:17 [Thread-3] WARN  c.a.n.c.http.HttpClientBeanHolder - [HttpClientBeanHolder] Start destroying common HttpClient
2025-12-29 08:52:17 [Thread-3] WARN  c.a.n.c.http.HttpClientBeanHolder - [HttpClientBeanHolder] Destruction of the end
2025-12-29 08:52:17 [SpringApplicationShutdownHook] INFO  o.s.o.j.LocalContainerEntityManagerFactoryBean - Closing JPA EntityManagerFactory for persistence unit 'default'
2025-12-29 08:52:17 [SpringApplicationShutdownHook] INFO  com.zaxxer.hikari.HikariDataSource - HikariPool-1 - Shutdown initiated...
2025-12-29 08:52:17 [SpringApplicationShutdownHook] INFO  com.zaxxer.hikari.HikariDataSource - HikariPool-1 - Shutdown completed.
2025-12-29 08:59:08 [main] INFO  c.a.nacos.client.utils.ParamUtil - [settings] [req-serv] nacos-server port:8848
2025-12-29 08:59:08 [main] INFO  c.a.nacos.client.utils.ParamUtil - [settings] [http-client] connect timeout:1000
2025-12-29 08:59:08 [Thread-1] INFO  c.a.n.c.a.r.i.CredentialWatcher - null No credential found
2025-12-29 08:59:08 [main] INFO  c.a.nacos.client.utils.ParamUtil - PER_TASK_CONFIG_SIZE: 3000.0
2025-12-29 08:59:09 [main] INFO  com.alibaba.nacos.common.labels - DefaultLabelsCollectorManager get labels.....
2025-12-29 08:59:09 [main] INFO  com.alibaba.nacos.common.labels - Process LabelsCollector with [name:defaultNacosLabelsCollector]
2025-12-29 08:59:09 [main] INFO  com.alibaba.nacos.common.labels - default nacos collect properties raw labels: null
2025-12-29 08:59:09 [main] INFO  com.alibaba.nacos.common.labels - default nacos collect properties labels: {}
2025-12-29 08:59:09 [main] INFO  com.alibaba.nacos.common.labels - default nacos collect jvm raw labels: null
2025-12-29 08:59:09 [main] INFO  com.alibaba.nacos.common.labels - default nacos collect jvm labels: {}
2025-12-29 08:59:09 [main] INFO  com.alibaba.nacos.common.labels - default nacos collect env raw labels: null
2025-12-29 08:59:09 [main] INFO  com.alibaba.nacos.common.labels - default nacos collect env labels: {}
2025-12-29 08:59:09 [main] INFO  com.alibaba.nacos.common.labels - DefaultLabelsCollectorManager get labels finished,labels :{}
2025-12-29 08:59:09 [main] INFO  c.a.n.p.a.s.c.ClientAuthPluginManager - [ClientAuthPluginManager] Load ClientAuthService com.alibaba.nacos.client.auth.impl.NacosClientAuthServiceImpl success.
2025-12-29 08:59:09 [main] INFO  c.a.n.p.a.s.c.ClientAuthPluginManager - [ClientAuthPluginManager] Load ClientAuthService com.alibaba.nacos.client.auth.ram.RamClientAuthServiceImpl success.
2025-12-29 08:59:10 [main] INFO  c.a.n.c.c.i.LocalConfigInfoProcessor - LOCAL_SNAPSHOT_PATH:C:\Users\24148\nacos\config
2025-12-29 08:59:10 [main] INFO  c.alibaba.nacos.common.remote.client - [RpcClientFactory] create a new rpc client of 8c1662fb-8aa3-4197-beb2-e805f262e2f2_config-0
2025-12-29 08:59:10 [main] INFO  c.alibaba.nacos.common.remote.client - [8c1662fb-8aa3-4197-beb2-e805f262e2f2_config-0] Register server push request handler:com.alibaba.nacos.client.config.impl.ClientWorker$ConfigRpcTransportClient$$Lambda$579/0x0000000800f2d6d8
2025-12-29 08:59:10 [main] INFO  c.alibaba.nacos.common.remote.client - [8c1662fb-8aa3-4197-beb2-e805f262e2f2_config-0] Register server push request handler:com.alibaba.nacos.client.config.impl.ClientWorker$ConfigRpcTransportClient$$Lambda$580/0x0000000800f2daf8
2025-12-29 08:59:10 [main] INFO  c.alibaba.nacos.common.remote.client - [8c1662fb-8aa3-4197-beb2-e805f262e2f2_config-0] Registry connection listener to current client:com.alibaba.nacos.client.config.impl.ClientWorker$ConfigRpcTransportClient$1
2025-12-29 08:59:10 [main] INFO  c.alibaba.nacos.common.remote.client - [8c1662fb-8aa3-4197-beb2-e805f262e2f2_config-0] RpcClient init, ServerListFactory = com.alibaba.nacos.client.config.impl.ClientWorker$ConfigRpcTransportClient$2
2025-12-29 08:59:10 [main] INFO  c.alibaba.nacos.common.remote.client - [8c1662fb-8aa3-4197-beb2-e805f262e2f2_config-0] Try to connect to server on start up, server: {serverIp = '127.0.0.1', server main port = 8848}
2025-12-29 08:59:10 [main] INFO  c.a.n.c.r.client.grpc.GrpcClient - grpc client connection server:127.0.0.1 ip,serverPort:9848,grpcTslConfig:{"sslProvider":"","enableTls":false,"mutualAuthEnable":false,"trustAll":false}
2025-12-29 08:59:10 [main] INFO  c.a.n.c.a.AbstractAbilityControlManager - Ready to get current node abilities...
2025-12-29 08:59:10 [main] INFO  c.a.n.c.a.AbstractAbilityControlManager - Ready to initialize current node abilities, support modes: [SDK_CLIENT]
2025-12-29 08:59:10 [main] INFO  c.a.n.c.a.AbstractAbilityControlManager - Initialize current abilities finish...
2025-12-29 08:59:10 [main] INFO  c.a.n.c.a.d.NacosAbilityManagerHolder - [AbilityControlManager] Successfully initialize AbilityControlManager
2025-12-29 08:59:10 [main] INFO  c.alibaba.nacos.common.remote.client - [8c1662fb-8aa3-4197-beb2-e805f262e2f2_config-0] Success to connect to server [127.0.0.1:8848] on start up, connectionId = 1766969950812_127.0.0.1_62183
2025-12-29 08:59:10 [com.alibaba.nacos.client.remote.worker.0] INFO  c.alibaba.nacos.common.remote.client - [8c1662fb-8aa3-4197-beb2-e805f262e2f2_config-0] Notify connected event to listeners.
2025-12-29 08:59:10 [main] INFO  c.alibaba.nacos.common.remote.client - [8c1662fb-8aa3-4197-beb2-e805f262e2f2_config-0] Register server push request handler:com.alibaba.nacos.common.remote.client.RpcClient$ConnectResetRequestHandler
2025-12-29 08:59:10 [com.alibaba.nacos.client.remote.worker.0] INFO  c.a.n.c.config.impl.ClientWorker - [8c1662fb-8aa3-4197-beb2-e805f262e2f2_config-0] Connected,notify listen context...
2025-12-29 08:59:10 [main] INFO  c.alibaba.nacos.common.remote.client - [8c1662fb-8aa3-4197-beb2-e805f262e2f2_config-0] Register server push request handler:com.alibaba.nacos.common.remote.client.RpcClient$$Lambda$602/0x0000000801075518
2025-12-29 08:59:10 [main] INFO  c.a.nacos.client.config.impl.Limiter - limitTime:5.0
2025-12-29 08:59:11 [main] WARN  c.a.c.n.c.NacosPropertySourceBuilder - Ignore the empty nacos configuration and get it based on dataId[event] & group[DEFAULT_GROUP]
2025-12-29 08:59:11 [main] WARN  c.a.c.n.c.NacosPropertySourceBuilder - Ignore the empty nacos configuration and get it based on dataId[event.properties] & group[DEFAULT_GROUP]
2025-12-29 08:59:11 [main] WARN  c.a.c.n.c.NacosPropertySourceBuilder - Ignore the empty nacos configuration and get it based on dataId[event-test.properties] & group[DEFAULT_GROUP]
2025-12-29 08:59:11 [main] INFO  o.s.c.b.c.PropertySourceBootstrapConfiguration - Located property source: [BootstrapPropertySource {name='bootstrapProperties-event-test.properties,DEFAULT_GROUP'}, BootstrapPropertySource {name='bootstrapProperties-event.properties,DEFAULT_GROUP'}, BootstrapPropertySource {name='bootstrapProperties-event,DEFAULT_GROUP'}]
2025-12-29 08:59:11 [main] INFO  com.example.event.EventApplication - The following 1 profile is active: "test"
2025-12-29 08:59:11 [main] INFO  o.s.d.r.c.RepositoryConfigurationDelegate - Multiple Spring Data modules found, entering strict repository configuration mode
2025-12-29 08:59:11 [main] INFO  o.s.d.r.c.RepositoryConfigurationDelegate - Bootstrapping Spring Data JDBC repositories in DEFAULT mode.
2025-12-29 08:59:11 [main] INFO  o.s.d.r.c.RepositoryConfigurationDelegate - Finished Spring Data repository scanning in 8 ms. Found 0 JDBC repository interfaces.
2025-12-29 08:59:11 [main] INFO  o.s.d.r.c.RepositoryConfigurationDelegate - Multiple Spring Data modules found, entering strict repository configuration mode
2025-12-29 08:59:11 [main] INFO  o.s.d.r.c.RepositoryConfigurationDelegate - Bootstrapping Spring Data JPA repositories in DEFAULT mode.
2025-12-29 08:59:11 [main] INFO  o.s.d.r.c.RepositoryConfigurationDelegate - Finished Spring Data repository scanning in 0 ms. Found 0 JPA repository interfaces.
2025-12-29 08:59:12 [main] INFO  o.s.cloud.context.scope.GenericScope - BeanFactory id=64815cff-cd8c-3059-8e92-42fcc970c03b
2025-12-29 08:59:12 [main] WARN  o.s.c.s.PostProcessorRegistrationDelegate$BeanPostProcessorChecker - Bean 'org.springframework.cloud.client.loadbalancer.LoadBalancerAutoConfiguration$LoadBalancerInterceptorConfig' of type [org.springframework.cloud.client.loadbalancer.LoadBalancerAutoConfiguration$LoadBalancerInterceptorConfig] is not eligible for getting processed by all BeanPostProcessors (for example: not eligible for auto-proxying). The currently created BeanPostProcessor [lbRestClientPostProcessor] is declared through a non-static factory method on that class; consider declaring it as static instead.
2025-12-29 08:59:12 [main] WARN  o.s.c.s.PostProcessorRegistrationDelegate$BeanPostProcessorChecker - Bean 'org.springframework.cloud.loadbalancer.config.BlockingLoadBalancerClientAutoConfiguration' of type [org.springframework.cloud.loadbalancer.config.BlockingLoadBalancerClientAutoConfiguration] is not eligible for getting processed by all BeanPostProcessors (for example: not eligible for auto-proxying). Is this bean getting eagerly injected into a currently created BeanPostProcessor [lbRestClientPostProcessor]? Check the corresponding BeanPostProcessor declaration and its dependencies.
2025-12-29 08:59:12 [main] WARN  o.s.c.s.PostProcessorRegistrationDelegate$BeanPostProcessorChecker - Bean 'org.springframework.cloud.loadbalancer.config.LoadBalancerAutoConfiguration' of type [org.springframework.cloud.loadbalancer.config.LoadBalancerAutoConfiguration] is not eligible for getting processed by all BeanPostProcessors (for example: not eligible for auto-proxying). Is this bean getting eagerly injected into a currently created BeanPostProcessor [lbRestClientPostProcessor]? Check the corresponding BeanPostProcessor declaration and its dependencies.
2025-12-29 08:59:12 [main] WARN  o.s.c.s.PostProcessorRegistrationDelegate$BeanPostProcessorChecker - Bean 'org.springframework.cloud.commons.config.CommonsConfigAutoConfiguration' of type [org.springframework.cloud.commons.config.CommonsConfigAutoConfiguration] is not eligible for getting processed by all BeanPostProcessors (for example: not eligible for auto-proxying). Is this bean getting eagerly injected into a currently created BeanPostProcessor [lbRestClientPostProcessor]? Check the corresponding BeanPostProcessor declaration and its dependencies.
2025-12-29 08:59:12 [main] WARN  o.s.c.s.PostProcessorRegistrationDelegate$BeanPostProcessorChecker - Bean 'org.springframework.cloud.client.loadbalancer.LoadBalancerDefaultMappingsProviderAutoConfiguration' of type [org.springframework.cloud.client.loadbalancer.LoadBalancerDefaultMappingsProviderAutoConfiguration] is not eligible for getting processed by all BeanPostProcessors (for example: not eligible for auto-proxying). Is this bean getting eagerly injected into a currently created BeanPostProcessor [lbRestClientPostProcessor]? Check the corresponding BeanPostProcessor declaration and its dependencies.
2025-12-29 08:59:12 [main] WARN  o.s.c.s.PostProcessorRegistrationDelegate$BeanPostProcessorChecker - Bean 'loadBalancerClientsDefaultsMappingsProvider' of type [org.springframework.cloud.client.loadbalancer.LoadBalancerDefaultMappingsProviderAutoConfiguration$$Lambda$742/0x00000008011c6708] is not eligible for getting processed by all BeanPostProcessors (for example: not eligible for auto-proxying). Is this bean getting eagerly injected into a currently created BeanPostProcessor [lbRestClientPostProcessor]? Check the corresponding BeanPostProcessor declaration and its dependencies.
2025-12-29 08:59:12 [main] WARN  o.s.c.s.PostProcessorRegistrationDelegate$BeanPostProcessorChecker - Bean 'defaultsBindHandlerAdvisor' of type [org.springframework.cloud.commons.config.DefaultsBindHandlerAdvisor] is not eligible for getting processed by all BeanPostProcessors (for example: not eligible for auto-proxying). Is this bean getting eagerly injected into a currently created BeanPostProcessor [lbRestClientPostProcessor]? Check the corresponding BeanPostProcessor declaration and its dependencies.
2025-12-29 08:59:12 [main] WARN  o.s.c.s.PostProcessorRegistrationDelegate$BeanPostProcessorChecker - Bean 'spring.cloud.loadbalancer-org.springframework.cloud.client.loadbalancer.LoadBalancerClientsProperties' of type [org.springframework.cloud.client.loadbalancer.LoadBalancerClientsProperties] is not eligible for getting processed by all BeanPostProcessors (for example: not eligible for auto-proxying). Is this bean getting eagerly injected into a currently created BeanPostProcessor [lbRestClientPostProcessor]? Check the corresponding BeanPostProcessor declaration and its dependencies.
2025-12-29 08:59:12 [main] WARN  o.s.c.s.PostProcessorRegistrationDelegate$BeanPostProcessorChecker - Bean 'default.org.springframework.cloud.loadbalancer.config.LoadBalancerAutoConfiguration.LoadBalancerClientSpecification' of type [org.springframework.cloud.loadbalancer.annotation.LoadBalancerClientSpecification] is not eligible for getting processed by all BeanPostProcessors (for example: not eligible for auto-proxying). Is this bean getting eagerly injected into a currently created BeanPostProcessor [lbRestClientPostProcessor]? Check the corresponding BeanPostProcessor declaration and its dependencies.
2025-12-29 08:59:12 [main] WARN  o.s.c.s.PostProcessorRegistrationDelegate$BeanPostProcessorChecker - Bean 'default.org.springframework.cloud.loadbalancer.config.BlockingLoadBalancerClientAutoConfiguration.LoadBalancerClientSpecification' of type [org.springframework.cloud.loadbalancer.annotation.LoadBalancerClientSpecification] is not eligible for getting processed by all BeanPostProcessors (for example: not eligible for auto-proxying). Is this bean getting eagerly injected into a currently created BeanPostProcessor [lbRestClientPostProcessor]? Check the corresponding BeanPostProcessor declaration and its dependencies.
2025-12-29 08:59:12 [main] WARN  o.s.c.s.PostProcessorRegistrationDelegate$BeanPostProcessorChecker - Bean 'loadBalancerClientFactory' of type [org.springframework.cloud.loadbalancer.support.LoadBalancerClientFactory] is not eligible for getting processed by all BeanPostProcessors (for example: not eligible for auto-proxying). Is this bean getting eagerly injected into a currently created BeanPostProcessor [lbRestClientPostProcessor]? Check the corresponding BeanPostProcessor declaration and its dependencies.
2025-12-29 08:59:12 [main] WARN  o.s.c.s.PostProcessorRegistrationDelegate$BeanPostProcessorChecker - Bean 'blockingLoadBalancerClient' of type [org.springframework.cloud.loadbalancer.blocking.client.BlockingLoadBalancerClient] is not eligible for getting processed by all BeanPostProcessors (for example: not eligible for auto-proxying). Is this bean getting eagerly injected into a currently created BeanPostProcessor [lbRestClientPostProcessor]? Check the corresponding BeanPostProcessor declaration and its dependencies.
2025-12-29 08:59:12 [main] WARN  o.s.c.s.PostProcessorRegistrationDelegate$BeanPostProcessorChecker - Bean 'loadBalancerServiceInstanceCookieTransformer' of type [org.springframework.cloud.loadbalancer.core.LoadBalancerServiceInstanceCookieTransformer] is not eligible for getting processed by all BeanPostProcessors (for example: not eligible for auto-proxying). Is this bean getting eagerly injected into a currently created BeanPostProcessor [lbRestClientPostProcessor]? Check the corresponding BeanPostProcessor declaration and its dependencies.
2025-12-29 08:59:12 [main] WARN  o.s.c.s.PostProcessorRegistrationDelegate$BeanPostProcessorChecker - Bean 'xForwarderHeadersTransformer' of type [org.springframework.cloud.loadbalancer.blocking.XForwardedHeadersTransformer] is not eligible for getting processed by all BeanPostProcessors (for example: not eligible for auto-proxying). Is this bean getting eagerly injected into a currently created BeanPostProcessor [lbRestClientPostProcessor]? Check the corresponding BeanPostProcessor declaration and its dependencies.
2025-12-29 08:59:12 [main] WARN  o.s.c.s.PostProcessorRegistrationDelegate$BeanPostProcessorChecker - Bean 'org.springframework.cloud.client.loadbalancer.LoadBalancerAutoConfiguration' of type [org.springframework.cloud.client.loadbalancer.LoadBalancerAutoConfiguration] is not eligible for getting processed by all BeanPostProcessors (for example: not eligible for auto-proxying). Is this bean getting eagerly injected into a currently created BeanPostProcessor [lbRestClientPostProcessor]? Check the corresponding BeanPostProcessor declaration and its dependencies.
2025-12-29 08:59:12 [main] WARN  o.s.c.s.PostProcessorRegistrationDelegate$BeanPostProcessorChecker - Bean 'loadBalancerRequestFactory' of type [org.springframework.cloud.client.loadbalancer.LoadBalancerRequestFactory] is not eligible for getting processed by all BeanPostProcessors (for example: not eligible for auto-proxying). Is this bean getting eagerly injected into a currently created BeanPostProcessor [lbRestClientPostProcessor]? Check the corresponding BeanPostProcessor declaration and its dependencies.
2025-12-29 08:59:12 [main] WARN  o.s.c.s.PostProcessorRegistrationDelegate$BeanPostProcessorChecker - Bean 'loadBalancerInterceptor' of type [org.springframework.cloud.client.loadbalancer.LoadBalancerInterceptor] is not eligible for getting processed by all BeanPostProcessors (for example: not eligible for auto-proxying). Is this bean getting eagerly injected into a currently created BeanPostProcessor [lbRestClientPostProcessor]? Check the corresponding BeanPostProcessor declaration and its dependencies.
2025-12-29 08:59:12 [main] INFO  o.s.b.w.e.tomcat.TomcatWebServer - Tomcat initialized with port 0 (http)
2025-12-29 08:59:12 [main] INFO  o.a.coyote.http11.Http11NioProtocol - Initializing ProtocolHandler ["http-nio-auto-1"]
2025-12-29 08:59:12 [main] INFO  o.a.catalina.core.StandardService - Starting service [Tomcat]
2025-12-29 08:59:12 [main] INFO  o.a.catalina.core.StandardEngine - Starting Servlet engine: [Apache Tomcat/10.1.16]
2025-12-29 08:59:12 [main] INFO  o.a.c.c.C.[Tomcat].[localhost].[/] - Initializing Spring embedded WebApplicationContext
2025-12-29 08:59:12 [main] INFO  o.s.b.w.s.c.ServletWebServerApplicationContext - Root WebApplicationContext: initialization completed in 1755 ms
2025-12-29 08:59:13 [main] INFO  com.zaxxer.hikari.HikariDataSource - HikariPool-1 - Starting...
2025-12-29 08:59:13 [main] INFO  com.zaxxer.hikari.pool.HikariPool - HikariPool-1 - Added connection com.mysql.cj.jdbc.ConnectionImpl@3d8bd881
2025-12-29 08:59:13 [main] INFO  com.zaxxer.hikari.HikariDataSource - HikariPool-1 - Start completed.
2025-12-29 08:59:13 [main] INFO  o.h.jpa.internal.util.LogHelper - HHH000204: Processing PersistenceUnitInfo [name: default]
2025-12-29 08:59:13 [main] INFO  org.hibernate.Version - HHH000412: Hibernate ORM core version 6.3.1.Final
2025-12-29 08:59:13 [main] INFO  o.h.c.i.RegionFactoryInitiator - HHH000026: Second-level cache disabled
2025-12-29 08:59:13 [main] INFO  o.s.o.j.p.SpringPersistenceUnitInfo - No LoadTimeWeaver setup: ignoring JPA class transformer
2025-12-29 08:59:13 [main] WARN  org.hibernate.orm.deprecation - HHH90000025: MySQL8Dialect does not need to be specified explicitly using 'hibernate.dialect' (remove the property setting and it will be selected by default)
2025-12-29 08:59:13 [main] WARN  org.hibernate.orm.deprecation - HHH90000026: MySQL8Dialect has been deprecated; use org.hibernate.dialect.MySQLDialect instead
2025-12-29 08:59:14 [main] INFO  o.h.e.t.j.p.i.JtaPlatformInitiator - HHH000489: No JTA platform available (set 'hibernate.transaction.jta.platform' to enable JTA platform integration)
2025-12-29 08:59:14 [main] INFO  o.s.o.j.LocalContainerEntityManagerFactoryBean - Initialized JPA EntityManagerFactory for persistence unit 'default'
2025-12-29 08:59:14 [main] WARN  o.s.b.a.o.j.JpaBaseConfiguration$JpaWebConfiguration - spring.jpa.open-in-view is enabled by default. Therefore, database queries may be performed during view rendering. Explicitly configure spring.jpa.open-in-view to disable this warning
2025-12-29 08:59:15 [main] TRACE o.s.s.c.a.a.c.AuthenticationConfiguration$EnableGlobalAuthenticationAutowiredConfigurer - Eagerly initializing {org.springframework.boot.autoconfigure.security.servlet.SpringBootWebSecurityConfiguration$WebSecurityEnablerConfiguration=org.springframework.boot.autoconfigure.security.servlet.SpringBootWebSecurityConfiguration$WebSecurityEnablerConfiguration@6cd8c373}
2025-12-29 08:59:15 [main] WARN  o.s.b.a.s.s.UserDetailsServiceAutoConfiguration - 

Using generated security password: 110f9e1f-0797-4c89-a712-ad3cf7837c6d

This generated password is for development use only. Your security configuration must be updated before running your application in production.

2025-12-29 08:59:15 [main] INFO  o.s.s.web.DefaultSecurityFilterChain - Will secure any request with [org.springframework.security.web.session.DisableEncodeUrlFilter@8a0a1d1, org.springframework.security.web.context.request.async.WebAsyncManagerIntegrationFilter@6dd50380, org.springframework.security.web.context.SecurityContextHolderFilter@1af29a19, org.springframework.security.web.header.HeaderWriterFilter@523e019c, org.springframework.web.filter.CorsFilter@215efb16, org.springframework.security.web.csrf.CsrfFilter@38447073, org.springframework.security.web.authentication.logout.LogoutFilter@34d6e9a4, org.springframework.security.web.authentication.UsernamePasswordAuthenticationFilter@65011123, org.springframework.security.web.authentication.ui.DefaultLoginPageGeneratingFilter@18a349cb, org.springframework.security.web.authentication.ui.DefaultLogoutPageGeneratingFilter@173da924, org.springframework.security.web.authentication.www.BasicAuthenticationFilter@1d0f03f6, org.springframework.security.web.savedrequest.RequestCacheAwareFilter@23b02f37, org.springframework.security.web.servletapi.SecurityContextHolderAwareRequestFilter@73cdf5f9, org.springframework.security.web.authentication.AnonymousAuthenticationFilter@1a9e2c3b, org.springframework.security.web.access.ExceptionTranslationFilter@279e4506, org.springframework.security.web.access.intercept.AuthorizationFilter@67836d4]
2025-12-29 08:59:15 [main] WARN  o.s.c.l.c.LoadBalancerCacheAutoConfiguration$LoadBalancerCaffeineWarnLogger - Spring Cloud LoadBalancer is currently working with the default cache. While this cache implementation is useful for development and tests, it's recommended to use Caffeine cache in production.You can switch to using Caffeine cache, by adding it and org.springframework.cache.caffeine.CaffeineCacheManager to the classpath.
2025-12-29 08:59:15 [main] INFO  o.a.coyote.http11.Http11NioProtocol - Starting ProtocolHandler ["http-nio-auto-1"]
2025-12-29 08:59:15 [main] INFO  o.s.b.w.e.tomcat.TomcatWebServer - Tomcat started on port 62203 (http) with context path ''
2025-12-29 08:59:15 [main] INFO  com.alibaba.nacos.client.naming - initializer namespace from ans.namespace attribute : null
2025-12-29 08:59:15 [main] INFO  com.alibaba.nacos.client.naming - initializer namespace from ALIBABA_ALIWARE_NAMESPACE attribute :null
2025-12-29 08:59:15 [main] INFO  com.alibaba.nacos.client.naming - initializer namespace from namespace attribute :null
2025-12-29 08:59:15 [main] INFO  com.alibaba.nacos.client.naming - FailoverDataSource type is class com.alibaba.nacos.client.naming.backups.datasource.DiskFailoverDataSource
2025-12-29 08:59:15 [main] INFO  c.a.n.p.a.s.c.ClientAuthPluginManager - [ClientAuthPluginManager] Load ClientAuthService com.alibaba.nacos.client.auth.impl.NacosClientAuthServiceImpl success.
2025-12-29 08:59:15 [main] INFO  c.a.n.p.a.s.c.ClientAuthPluginManager - [ClientAuthPluginManager] Load ClientAuthService com.alibaba.nacos.client.auth.ram.RamClientAuthServiceImpl success.
2025-12-29 08:59:15 [main] INFO  c.alibaba.nacos.common.remote.client - [RpcClientFactory] create a new rpc client of 944ef49a-f67a-483a-877f-b6ddcf2dc2f2
2025-12-29 08:59:15 [main] INFO  com.alibaba.nacos.client.naming - Create naming rpc client for uuid->944ef49a-f67a-483a-877f-b6ddcf2dc2f2
2025-12-29 08:59:15 [main] INFO  c.alibaba.nacos.common.remote.client - [944ef49a-f67a-483a-877f-b6ddcf2dc2f2] RpcClient init, ServerListFactory = com.alibaba.nacos.client.naming.core.ServerListManager
2025-12-29 08:59:15 [main] INFO  c.alibaba.nacos.common.remote.client - [944ef49a-f67a-483a-877f-b6ddcf2dc2f2] Registry connection listener to current client:com.alibaba.nacos.client.naming.remote.gprc.redo.NamingGrpcRedoService
2025-12-29 08:59:15 [main] INFO  c.alibaba.nacos.common.remote.client - [944ef49a-f67a-483a-877f-b6ddcf2dc2f2] Register server push request handler:com.alibaba.nacos.client.naming.remote.gprc.NamingPushRequestHandler
2025-12-29 08:59:15 [main] INFO  c.alibaba.nacos.common.remote.client - [944ef49a-f67a-483a-877f-b6ddcf2dc2f2] Try to connect to server on start up, server: {serverIp = '127.0.0.1', server main port = 8848}
2025-12-29 08:59:15 [main] INFO  c.a.n.c.r.client.grpc.GrpcClient - grpc client connection server:127.0.0.1 ip,serverPort:9848,grpcTslConfig:{"sslProvider":"","enableTls":false,"mutualAuthEnable":false,"trustAll":false}
2025-12-29 08:59:15 [main] INFO  c.alibaba.nacos.common.remote.client - [944ef49a-f67a-483a-877f-b6ddcf2dc2f2] Success to connect to server [127.0.0.1:8848] on start up, connectionId = 1766969955912_127.0.0.1_62204
2025-12-29 08:59:15 [main] INFO  c.alibaba.nacos.common.remote.client - [944ef49a-f67a-483a-877f-b6ddcf2dc2f2] Register server push request handler:com.alibaba.nacos.common.remote.client.RpcClient$ConnectResetRequestHandler
2025-12-29 08:59:15 [com.alibaba.nacos.client.remote.worker.0] INFO  c.alibaba.nacos.common.remote.client - [944ef49a-f67a-483a-877f-b6ddcf2dc2f2] Notify connected event to listeners.
2025-12-29 08:59:15 [main] INFO  c.alibaba.nacos.common.remote.client - [944ef49a-f67a-483a-877f-b6ddcf2dc2f2] Register server push request handler:com.alibaba.nacos.common.remote.client.RpcClient$$Lambda$602/0x0000000801075518
2025-12-29 08:59:15 [com.alibaba.nacos.client.remote.worker.0] INFO  com.alibaba.nacos.client.naming - Grpc connection connect
2025-12-29 08:59:15 [main] INFO  com.alibaba.nacos.client.naming - [REGISTER-SERVICE] public registering service event with instance Instance{instanceId='null', ip='192.168.183.1', port=62203, weight=1.0, healthy=true, enabled=true, ephemeral=true, clusterName='DEFAULT', serviceName='null', metadata={IPv6=[2001:da8:d002:b001:0:3d:6c1f:33db], preserved.register.source=SPRING_CLOUD}}
2025-12-29 08:59:15 [main] INFO  c.a.c.n.r.NacosServiceRegistry - nacos registry, DEFAULT_GROUP event 192.168.183.1:62203 register finished
2025-12-29 08:59:16 [main] INFO  com.example.event.EventApplication - Started EventApplication in 8.653 seconds (process running for 9.539)
2025-12-29 08:59:16 [main] INFO  c.a.n.client.config.impl.CacheData - config listener notify warn timeout millis use default 60000 millis 
2025-12-29 08:59:16 [main] INFO  c.a.n.client.config.impl.CacheData - nacos.cache.data.init.snapshot = true 
2025-12-29 08:59:16 [main] INFO  c.a.n.c.config.impl.ClientWorker - [fixed-127.0.0.1_8848] [subscribe] event-test.properties+DEFAULT_GROUP
2025-12-29 08:59:16 [main] INFO  c.a.n.client.config.impl.CacheData - [fixed-127.0.0.1_8848] [add-listener] ok, tenant=, dataId=event-test.properties, group=DEFAULT_GROUP, cnt=1
2025-12-29 08:59:16 [main] INFO  c.a.c.n.r.NacosContextRefresher - [Nacos Config] Listening config: dataId=event-test.properties, group=DEFAULT_GROUP
2025-12-29 08:59:16 [main] INFO  c.a.n.c.config.impl.ClientWorker - [fixed-127.0.0.1_8848] [subscribe] event+DEFAULT_GROUP
2025-12-29 08:59:16 [main] INFO  c.a.n.client.config.impl.CacheData - [fixed-127.0.0.1_8848] [add-listener] ok, tenant=, dataId=event, group=DEFAULT_GROUP, cnt=1
2025-12-29 08:59:16 [main] INFO  c.a.c.n.r.NacosContextRefresher - [Nacos Config] Listening config: dataId=event, group=DEFAULT_GROUP
2025-12-29 08:59:16 [main] INFO  c.a.n.c.config.impl.ClientWorker - [fixed-127.0.0.1_8848] [subscribe] event.properties+DEFAULT_GROUP
2025-12-29 08:59:16 [main] INFO  c.a.n.client.config.impl.CacheData - [fixed-127.0.0.1_8848] [add-listener] ok, tenant=, dataId=event.properties, group=DEFAULT_GROUP, cnt=1
2025-12-29 08:59:16 [main] INFO  c.a.c.n.r.NacosContextRefresher - [Nacos Config] Listening config: dataId=event.properties, group=DEFAULT_GROUP
2025-12-29 09:12:39 [main] INFO  c.a.nacos.client.utils.ParamUtil - [settings] [req-serv] nacos-server port:8848
2025-12-29 09:12:39 [main] INFO  c.a.nacos.client.utils.ParamUtil - [settings] [http-client] connect timeout:1000
2025-12-29 09:12:39 [Thread-1] INFO  c.a.n.c.a.r.i.CredentialWatcher - null No credential found
2025-12-29 09:12:39 [main] INFO  c.a.nacos.client.utils.ParamUtil - PER_TASK_CONFIG_SIZE: 3000.0
2025-12-29 09:12:39 [main] INFO  com.alibaba.nacos.common.labels - DefaultLabelsCollectorManager get labels.....
2025-12-29 09:12:39 [main] INFO  com.alibaba.nacos.common.labels - Process LabelsCollector with [name:defaultNacosLabelsCollector]
2025-12-29 09:12:39 [main] INFO  com.alibaba.nacos.common.labels - default nacos collect properties raw labels: null
2025-12-29 09:12:39 [main] INFO  com.alibaba.nacos.common.labels - default nacos collect properties labels: {}
2025-12-29 09:12:39 [main] INFO  com.alibaba.nacos.common.labels - default nacos collect jvm raw labels: null
2025-12-29 09:12:39 [main] INFO  com.alibaba.nacos.common.labels - default nacos collect jvm labels: {}
2025-12-29 09:12:39 [main] INFO  com.alibaba.nacos.common.labels - default nacos collect env raw labels: null
2025-12-29 09:12:39 [main] INFO  com.alibaba.nacos.common.labels - default nacos collect env labels: {}
2025-12-29 09:12:39 [main] INFO  com.alibaba.nacos.common.labels - DefaultLabelsCollectorManager get labels finished,labels :{}
2025-12-29 09:12:39 [main] INFO  c.a.n.p.a.s.c.ClientAuthPluginManager - [ClientAuthPluginManager] Load ClientAuthService com.alibaba.nacos.client.auth.impl.NacosClientAuthServiceImpl success.
2025-12-29 09:12:39 [main] INFO  c.a.n.p.a.s.c.ClientAuthPluginManager - [ClientAuthPluginManager] Load ClientAuthService com.alibaba.nacos.client.auth.ram.RamClientAuthServiceImpl success.
2025-12-29 09:12:39 [main] INFO  c.a.n.c.c.i.LocalConfigInfoProcessor - LOCAL_SNAPSHOT_PATH:C:\Users\24148\nacos\config
2025-12-29 09:12:39 [main] INFO  c.alibaba.nacos.common.remote.client - [RpcClientFactory] create a new rpc client of 6f9ec1f7-c6f5-43d7-9be2-5352d36eb6f8_config-0
2025-12-29 09:12:39 [main] INFO  c.alibaba.nacos.common.remote.client - [6f9ec1f7-c6f5-43d7-9be2-5352d36eb6f8_config-0] Register server push request handler:com.alibaba.nacos.client.config.impl.ClientWorker$ConfigRpcTransportClient$$Lambda$579/0x0000000800f0d1a0
2025-12-29 09:12:39 [main] INFO  c.alibaba.nacos.common.remote.client - [6f9ec1f7-c6f5-43d7-9be2-5352d36eb6f8_config-0] Register server push request handler:com.alibaba.nacos.client.config.impl.ClientWorker$ConfigRpcTransportClient$$Lambda$580/0x0000000800f0d5c0
2025-12-29 09:12:39 [main] INFO  c.alibaba.nacos.common.remote.client - [6f9ec1f7-c6f5-43d7-9be2-5352d36eb6f8_config-0] Registry connection listener to current client:com.alibaba.nacos.client.config.impl.ClientWorker$ConfigRpcTransportClient$1
2025-12-29 09:12:39 [main] INFO  c.alibaba.nacos.common.remote.client - [6f9ec1f7-c6f5-43d7-9be2-5352d36eb6f8_config-0] RpcClient init, ServerListFactory = com.alibaba.nacos.client.config.impl.ClientWorker$ConfigRpcTransportClient$2
2025-12-29 09:12:39 [main] INFO  c.alibaba.nacos.common.remote.client - [6f9ec1f7-c6f5-43d7-9be2-5352d36eb6f8_config-0] Try to connect to server on start up, server: {serverIp = '127.0.0.1', server main port = 8848}
2025-12-29 09:12:40 [main] INFO  c.a.n.c.r.client.grpc.GrpcClient - grpc client connection server:127.0.0.1 ip,serverPort:9848,grpcTslConfig:{"sslProvider":"","enableTls":false,"mutualAuthEnable":false,"trustAll":false}
2025-12-29 09:12:40 [main] INFO  c.a.n.c.a.AbstractAbilityControlManager - Ready to get current node abilities...
2025-12-29 09:12:40 [main] INFO  c.a.n.c.a.AbstractAbilityControlManager - Ready to initialize current node abilities, support modes: [SDK_CLIENT]
2025-12-29 09:12:40 [main] INFO  c.a.n.c.a.AbstractAbilityControlManager - Initialize current abilities finish...
2025-12-29 09:12:40 [main] INFO  c.a.n.c.a.d.NacosAbilityManagerHolder - [AbilityControlManager] Successfully initialize AbilityControlManager
2025-12-29 09:12:40 [main] INFO  c.alibaba.nacos.common.remote.client - [6f9ec1f7-c6f5-43d7-9be2-5352d36eb6f8_config-0] Success to connect to server [127.0.0.1:8848] on start up, connectionId = 1766970760722_127.0.0.1_58835
2025-12-29 09:12:40 [com.alibaba.nacos.client.remote.worker.0] INFO  c.alibaba.nacos.common.remote.client - [6f9ec1f7-c6f5-43d7-9be2-5352d36eb6f8_config-0] Notify connected event to listeners.
2025-12-29 09:12:40 [main] INFO  c.alibaba.nacos.common.remote.client - [6f9ec1f7-c6f5-43d7-9be2-5352d36eb6f8_config-0] Register server push request handler:com.alibaba.nacos.common.remote.client.RpcClient$ConnectResetRequestHandler
2025-12-29 09:12:40 [com.alibaba.nacos.client.remote.worker.0] INFO  c.a.n.c.config.impl.ClientWorker - [6f9ec1f7-c6f5-43d7-9be2-5352d36eb6f8_config-0] Connected,notify listen context...
2025-12-29 09:12:40 [main] INFO  c.alibaba.nacos.common.remote.client - [6f9ec1f7-c6f5-43d7-9be2-5352d36eb6f8_config-0] Register server push request handler:com.alibaba.nacos.common.remote.client.RpcClient$$Lambda$602/0x0000000801095308
2025-12-29 09:12:40 [main] INFO  c.a.nacos.client.config.impl.Limiter - limitTime:5.0
2025-12-29 09:12:40 [main] WARN  c.a.c.n.c.NacosPropertySourceBuilder - Ignore the empty nacos configuration and get it based on dataId[event] & group[DEFAULT_GROUP]
2025-12-29 09:12:41 [main] WARN  c.a.c.n.c.NacosPropertySourceBuilder - Ignore the empty nacos configuration and get it based on dataId[event.properties] & group[DEFAULT_GROUP]
2025-12-29 09:12:41 [main] WARN  c.a.c.n.c.NacosPropertySourceBuilder - Ignore the empty nacos configuration and get it based on dataId[event-test.properties] & group[DEFAULT_GROUP]
2025-12-29 09:12:41 [main] INFO  o.s.c.b.c.PropertySourceBootstrapConfiguration - Located property source: [BootstrapPropertySource {name='bootstrapProperties-event-test.properties,DEFAULT_GROUP'}, BootstrapPropertySource {name='bootstrapProperties-event.properties,DEFAULT_GROUP'}, BootstrapPropertySource {name='bootstrapProperties-event,DEFAULT_GROUP'}]
2025-12-29 09:12:41 [main] INFO  com.example.event.EventApplication - The following 1 profile is active: "test"
2025-12-29 09:12:41 [main] INFO  o.s.d.r.c.RepositoryConfigurationDelegate - Multiple Spring Data modules found, entering strict repository configuration mode
2025-12-29 09:12:41 [main] INFO  o.s.d.r.c.RepositoryConfigurationDelegate - Bootstrapping Spring Data JDBC repositories in DEFAULT mode.
2025-12-29 09:12:41 [main] INFO  o.s.d.r.c.RepositoryConfigurationDelegate - Finished Spring Data repository scanning in 6 ms. Found 0 JDBC repository interfaces.
2025-12-29 09:12:41 [main] INFO  o.s.d.r.c.RepositoryConfigurationDelegate - Multiple Spring Data modules found, entering strict repository configuration mode
2025-12-29 09:12:41 [main] INFO  o.s.d.r.c.RepositoryConfigurationDelegate - Bootstrapping Spring Data JPA repositories in DEFAULT mode.
2025-12-29 09:12:41 [main] INFO  o.s.d.r.c.RepositoryConfigurationDelegate - Finished Spring Data repository scanning in 1 ms. Found 0 JPA repository interfaces.
2025-12-29 09:12:42 [main] INFO  o.s.cloud.context.scope.GenericScope - BeanFactory id=64815cff-cd8c-3059-8e92-42fcc970c03b
2025-12-29 09:12:42 [main] WARN  o.s.c.s.PostProcessorRegistrationDelegate$BeanPostProcessorChecker - Bean 'org.springframework.cloud.client.loadbalancer.LoadBalancerAutoConfiguration$LoadBalancerInterceptorConfig' of type [org.springframework.cloud.client.loadbalancer.LoadBalancerAutoConfiguration$LoadBalancerInterceptorConfig] is not eligible for getting processed by all BeanPostProcessors (for example: not eligible for auto-proxying). The currently created BeanPostProcessor [lbRestClientPostProcessor] is declared through a non-static factory method on that class; consider declaring it as static instead.
2025-12-29 09:12:42 [main] WARN  o.s.c.s.PostProcessorRegistrationDelegate$BeanPostProcessorChecker - Bean 'org.springframework.cloud.loadbalancer.config.BlockingLoadBalancerClientAutoConfiguration' of type [org.springframework.cloud.loadbalancer.config.BlockingLoadBalancerClientAutoConfiguration] is not eligible for getting processed by all BeanPostProcessors (for example: not eligible for auto-proxying). Is this bean getting eagerly injected into a currently created BeanPostProcessor [lbRestClientPostProcessor]? Check the corresponding BeanPostProcessor declaration and its dependencies.
2025-12-29 09:12:42 [main] WARN  o.s.c.s.PostProcessorRegistrationDelegate$BeanPostProcessorChecker - Bean 'org.springframework.cloud.loadbalancer.config.LoadBalancerAutoConfiguration' of type [org.springframework.cloud.loadbalancer.config.LoadBalancerAutoConfiguration] is not eligible for getting processed by all BeanPostProcessors (for example: not eligible for auto-proxying). Is this bean getting eagerly injected into a currently created BeanPostProcessor [lbRestClientPostProcessor]? Check the corresponding BeanPostProcessor declaration and its dependencies.
2025-12-29 09:12:42 [main] WARN  o.s.c.s.PostProcessorRegistrationDelegate$BeanPostProcessorChecker - Bean 'org.springframework.cloud.commons.config.CommonsConfigAutoConfiguration' of type [org.springframework.cloud.commons.config.CommonsConfigAutoConfiguration] is not eligible for getting processed by all BeanPostProcessors (for example: not eligible for auto-proxying). Is this bean getting eagerly injected into a currently created BeanPostProcessor [lbRestClientPostProcessor]? Check the corresponding BeanPostProcessor declaration and its dependencies.
2025-12-29 09:12:42 [main] WARN  o.s.c.s.PostProcessorRegistrationDelegate$BeanPostProcessorChecker - Bean 'org.springframework.cloud.client.loadbalancer.LoadBalancerDefaultMappingsProviderAutoConfiguration' of type [org.springframework.cloud.client.loadbalancer.LoadBalancerDefaultMappingsProviderAutoConfiguration] is not eligible for getting processed by all BeanPostProcessors (for example: not eligible for auto-proxying). Is this bean getting eagerly injected into a currently created BeanPostProcessor [lbRestClientPostProcessor]? Check the corresponding BeanPostProcessor declaration and its dependencies.
2025-12-29 09:12:42 [main] WARN  o.s.c.s.PostProcessorRegistrationDelegate$BeanPostProcessorChecker - Bean 'loadBalancerClientsDefaultsMappingsProvider' of type [org.springframework.cloud.client.loadbalancer.LoadBalancerDefaultMappingsProviderAutoConfiguration$$Lambda$742/0x00000008011e6708] is not eligible for getting processed by all BeanPostProcessors (for example: not eligible for auto-proxying). Is this bean getting eagerly injected into a currently created BeanPostProcessor [lbRestClientPostProcessor]? Check the corresponding BeanPostProcessor declaration and its dependencies.
2025-12-29 09:12:42 [main] WARN  o.s.c.s.PostProcessorRegistrationDelegate$BeanPostProcessorChecker - Bean 'defaultsBindHandlerAdvisor' of type [org.springframework.cloud.commons.config.DefaultsBindHandlerAdvisor] is not eligible for getting processed by all BeanPostProcessors (for example: not eligible for auto-proxying). Is this bean getting eagerly injected into a currently created BeanPostProcessor [lbRestClientPostProcessor]? Check the corresponding BeanPostProcessor declaration and its dependencies.
2025-12-29 09:12:42 [main] WARN  o.s.c.s.PostProcessorRegistrationDelegate$BeanPostProcessorChecker - Bean 'spring.cloud.loadbalancer-org.springframework.cloud.client.loadbalancer.LoadBalancerClientsProperties' of type [org.springframework.cloud.client.loadbalancer.LoadBalancerClientsProperties] is not eligible for getting processed by all BeanPostProcessors (for example: not eligible for auto-proxying). Is this bean getting eagerly injected into a currently created BeanPostProcessor [lbRestClientPostProcessor]? Check the corresponding BeanPostProcessor declaration and its dependencies.
2025-12-29 09:12:42 [main] WARN  o.s.c.s.PostProcessorRegistrationDelegate$BeanPostProcessorChecker - Bean 'default.org.springframework.cloud.loadbalancer.config.LoadBalancerAutoConfiguration.LoadBalancerClientSpecification' of type [org.springframework.cloud.loadbalancer.annotation.LoadBalancerClientSpecification] is not eligible for getting processed by all BeanPostProcessors (for example: not eligible for auto-proxying). Is this bean getting eagerly injected into a currently created BeanPostProcessor [lbRestClientPostProcessor]? Check the corresponding BeanPostProcessor declaration and its dependencies.
2025-12-29 09:12:42 [main] WARN  o.s.c.s.PostProcessorRegistrationDelegate$BeanPostProcessorChecker - Bean 'default.org.springframework.cloud.loadbalancer.config.BlockingLoadBalancerClientAutoConfiguration.LoadBalancerClientSpecification' of type [org.springframework.cloud.loadbalancer.annotation.LoadBalancerClientSpecification] is not eligible for getting processed by all BeanPostProcessors (for example: not eligible for auto-proxying). Is this bean getting eagerly injected into a currently created BeanPostProcessor [lbRestClientPostProcessor]? Check the corresponding BeanPostProcessor declaration and its dependencies.
2025-12-29 09:12:42 [main] WARN  o.s.c.s.PostProcessorRegistrationDelegate$BeanPostProcessorChecker - Bean 'loadBalancerClientFactory' of type [org.springframework.cloud.loadbalancer.support.LoadBalancerClientFactory] is not eligible for getting processed by all BeanPostProcessors (for example: not eligible for auto-proxying). Is this bean getting eagerly injected into a currently created BeanPostProcessor [lbRestClientPostProcessor]? Check the corresponding BeanPostProcessor declaration and its dependencies.
2025-12-29 09:12:42 [main] WARN  o.s.c.s.PostProcessorRegistrationDelegate$BeanPostProcessorChecker - Bean 'blockingLoadBalancerClient' of type [org.springframework.cloud.loadbalancer.blocking.client.BlockingLoadBalancerClient] is not eligible for getting processed by all BeanPostProcessors (for example: not eligible for auto-proxying). Is this bean getting eagerly injected into a currently created BeanPostProcessor [lbRestClientPostProcessor]? Check the corresponding BeanPostProcessor declaration and its dependencies.
2025-12-29 09:12:42 [main] WARN  o.s.c.s.PostProcessorRegistrationDelegate$BeanPostProcessorChecker - Bean 'loadBalancerServiceInstanceCookieTransformer' of type [org.springframework.cloud.loadbalancer.core.LoadBalancerServiceInstanceCookieTransformer] is not eligible for getting processed by all BeanPostProcessors (for example: not eligible for auto-proxying). Is this bean getting eagerly injected into a currently created BeanPostProcessor [lbRestClientPostProcessor]? Check the corresponding BeanPostProcessor declaration and its dependencies.
2025-12-29 09:12:42 [main] WARN  o.s.c.s.PostProcessorRegistrationDelegate$BeanPostProcessorChecker - Bean 'xForwarderHeadersTransformer' of type [org.springframework.cloud.loadbalancer.blocking.XForwardedHeadersTransformer] is not eligible for getting processed by all BeanPostProcessors (for example: not eligible for auto-proxying). Is this bean getting eagerly injected into a currently created BeanPostProcessor [lbRestClientPostProcessor]? Check the corresponding BeanPostProcessor declaration and its dependencies.
2025-12-29 09:12:42 [main] WARN  o.s.c.s.PostProcessorRegistrationDelegate$BeanPostProcessorChecker - Bean 'org.springframework.cloud.client.loadbalancer.LoadBalancerAutoConfiguration' of type [org.springframework.cloud.client.loadbalancer.LoadBalancerAutoConfiguration] is not eligible for getting processed by all BeanPostProcessors (for example: not eligible for auto-proxying). Is this bean getting eagerly injected into a currently created BeanPostProcessor [lbRestClientPostProcessor]? Check the corresponding BeanPostProcessor declaration and its dependencies.
2025-12-29 09:12:42 [main] WARN  o.s.c.s.PostProcessorRegistrationDelegate$BeanPostProcessorChecker - Bean 'loadBalancerRequestFactory' of type [org.springframework.cloud.client.loadbalancer.LoadBalancerRequestFactory] is not eligible for getting processed by all BeanPostProcessors (for example: not eligible for auto-proxying). Is this bean getting eagerly injected into a currently created BeanPostProcessor [lbRestClientPostProcessor]? Check the corresponding BeanPostProcessor declaration and its dependencies.
2025-12-29 09:12:42 [main] WARN  o.s.c.s.PostProcessorRegistrationDelegate$BeanPostProcessorChecker - Bean 'loadBalancerInterceptor' of type [org.springframework.cloud.client.loadbalancer.LoadBalancerInterceptor] is not eligible for getting processed by all BeanPostProcessors (for example: not eligible for auto-proxying). Is this bean getting eagerly injected into a currently created BeanPostProcessor [lbRestClientPostProcessor]? Check the corresponding BeanPostProcessor declaration and its dependencies.
2025-12-29 09:12:42 [main] INFO  o.s.b.w.e.tomcat.TomcatWebServer - Tomcat initialized with port 0 (http)
2025-12-29 09:12:42 [main] INFO  o.a.coyote.http11.Http11NioProtocol - Initializing ProtocolHandler ["http-nio-auto-1"]
2025-12-29 09:12:42 [main] INFO  o.a.catalina.core.StandardService - Starting service [Tomcat]
2025-12-29 09:12:42 [main] INFO  o.a.catalina.core.StandardEngine - Starting Servlet engine: [Apache Tomcat/10.1.16]
2025-12-29 09:12:42 [main] INFO  o.a.c.c.C.[Tomcat].[localhost].[/] - Initializing Spring embedded WebApplicationContext
2025-12-29 09:12:42 [main] INFO  o.s.b.w.s.c.ServletWebServerApplicationContext - Root WebApplicationContext: initialization completed in 1802 ms
2025-12-29 09:12:43 [main] INFO  com.zaxxer.hikari.HikariDataSource - HikariPool-1 - Starting...
2025-12-29 09:12:43 [main] INFO  com.zaxxer.hikari.pool.HikariPool - HikariPool-1 - Added connection com.mysql.cj.jdbc.ConnectionImpl@55fe9c2f
2025-12-29 09:12:43 [main] INFO  com.zaxxer.hikari.HikariDataSource - HikariPool-1 - Start completed.
2025-12-29 09:12:43 [main] INFO  o.h.jpa.internal.util.LogHelper - HHH000204: Processing PersistenceUnitInfo [name: default]
2025-12-29 09:12:43 [main] INFO  org.hibernate.Version - HHH000412: Hibernate ORM core version 6.3.1.Final
2025-12-29 09:12:43 [main] INFO  o.h.c.i.RegionFactoryInitiator - HHH000026: Second-level cache disabled
2025-12-29 09:12:43 [main] INFO  o.s.o.j.p.SpringPersistenceUnitInfo - No LoadTimeWeaver setup: ignoring JPA class transformer
2025-12-29 09:12:43 [main] WARN  org.hibernate.orm.deprecation - HHH90000025: MySQL8Dialect does not need to be specified explicitly using 'hibernate.dialect' (remove the property setting and it will be selected by default)
2025-12-29 09:12:43 [main] WARN  org.hibernate.orm.deprecation - HHH90000026: MySQL8Dialect has been deprecated; use org.hibernate.dialect.MySQLDialect instead
2025-12-29 09:12:44 [main] INFO  o.h.e.t.j.p.i.JtaPlatformInitiator - HHH000489: No JTA platform available (set 'hibernate.transaction.jta.platform' to enable JTA platform integration)
2025-12-29 09:12:44 [main] INFO  o.s.o.j.LocalContainerEntityManagerFactoryBean - Initialized JPA EntityManagerFactory for persistence unit 'default'
2025-12-29 09:12:44 [main] WARN  o.s.b.a.o.j.JpaBaseConfiguration$JpaWebConfiguration - spring.jpa.open-in-view is enabled by default. Therefore, database queries may be performed during view rendering. Explicitly configure spring.jpa.open-in-view to disable this warning
2025-12-29 09:12:45 [main] TRACE o.s.s.c.a.a.c.AuthenticationConfiguration$EnableGlobalAuthenticationAutowiredConfigurer - Eagerly initializing {org.springframework.boot.autoconfigure.security.servlet.SpringBootWebSecurityConfiguration$WebSecurityEnablerConfiguration=org.springframework.boot.autoconfigure.security.servlet.SpringBootWebSecurityConfiguration$WebSecurityEnablerConfiguration@106c3e0a}
2025-12-29 09:12:45 [main] WARN  o.s.b.a.s.s.UserDetailsServiceAutoConfiguration - 

Using generated security password: f688e30c-a8bb-44f8-990b-066dd099788f

This generated password is for development use only. Your security configuration must be updated before running your application in production.

2025-12-29 09:12:45 [main] INFO  o.s.s.web.DefaultSecurityFilterChain - Will secure any request with [org.springframework.security.web.session.DisableEncodeUrlFilter@3f2bf80d, org.springframework.security.web.context.request.async.WebAsyncManagerIntegrationFilter@6cb5a64d, org.springframework.security.web.context.SecurityContextHolderFilter@b67b359, org.springframework.security.web.header.HeaderWriterFilter@2524f9bf, org.springframework.web.filter.CorsFilter@729eef5f, org.springframework.security.web.csrf.CsrfFilter@4582da06, org.springframework.security.web.authentication.logout.LogoutFilter@45f32b12, org.springframework.security.web.authentication.UsernamePasswordAuthenticationFilter@5f92e5eb, org.springframework.security.web.authentication.ui.DefaultLoginPageGeneratingFilter@34d6e9a4, org.springframework.security.web.authentication.ui.DefaultLogoutPageGeneratingFilter@264c9994, org.springframework.security.web.authentication.www.BasicAuthenticationFilter@17a89cb1, org.springframework.security.web.savedrequest.RequestCacheAwareFilter@130bd00e, org.springframework.security.web.servletapi.SecurityContextHolderAwareRequestFilter@4eb69e8d, org.springframework.security.web.authentication.AnonymousAuthenticationFilter@46c7e6c0, org.springframework.security.web.access.ExceptionTranslationFilter@76a86677, org.springframework.security.web.access.intercept.AuthorizationFilter@1a9e2c3b]
2025-12-29 09:12:46 [main] WARN  o.s.c.l.c.LoadBalancerCacheAutoConfiguration$LoadBalancerCaffeineWarnLogger - Spring Cloud LoadBalancer is currently working with the default cache. While this cache implementation is useful for development and tests, it's recommended to use Caffeine cache in production.You can switch to using Caffeine cache, by adding it and org.springframework.cache.caffeine.CaffeineCacheManager to the classpath.
2025-12-29 09:12:46 [main] INFO  o.a.coyote.http11.Http11NioProtocol - Starting ProtocolHandler ["http-nio-auto-1"]
2025-12-29 09:12:46 [main] INFO  o.s.b.w.e.tomcat.TomcatWebServer - Tomcat started on port 58862 (http) with context path ''
2025-12-29 09:12:46 [main] INFO  com.alibaba.nacos.client.naming - initializer namespace from ans.namespace attribute : null
2025-12-29 09:12:46 [main] INFO  com.alibaba.nacos.client.naming - initializer namespace from ALIBABA_ALIWARE_NAMESPACE attribute :null
2025-12-29 09:12:46 [main] INFO  com.alibaba.nacos.client.naming - initializer namespace from namespace attribute :null
2025-12-29 09:12:46 [main] INFO  com.alibaba.nacos.client.naming - FailoverDataSource type is class com.alibaba.nacos.client.naming.backups.datasource.DiskFailoverDataSource
2025-12-29 09:12:46 [main] INFO  c.a.n.p.a.s.c.ClientAuthPluginManager - [ClientAuthPluginManager] Load ClientAuthService com.alibaba.nacos.client.auth.impl.NacosClientAuthServiceImpl success.
2025-12-29 09:12:46 [main] INFO  c.a.n.p.a.s.c.ClientAuthPluginManager - [ClientAuthPluginManager] Load ClientAuthService com.alibaba.nacos.client.auth.ram.RamClientAuthServiceImpl success.
2025-12-29 09:12:46 [main] INFO  c.alibaba.nacos.common.remote.client - [RpcClientFactory] create a new rpc client of a3a53765-b326-4d05-bc69-ba3c87146168
2025-12-29 09:12:46 [main] INFO  com.alibaba.nacos.client.naming - Create naming rpc client for uuid->a3a53765-b326-4d05-bc69-ba3c87146168
2025-12-29 09:12:46 [main] INFO  c.alibaba.nacos.common.remote.client - [a3a53765-b326-4d05-bc69-ba3c87146168] RpcClient init, ServerListFactory = com.alibaba.nacos.client.naming.core.ServerListManager
2025-12-29 09:12:46 [main] INFO  c.alibaba.nacos.common.remote.client - [a3a53765-b326-4d05-bc69-ba3c87146168] Registry connection listener to current client:com.alibaba.nacos.client.naming.remote.gprc.redo.NamingGrpcRedoService
2025-12-29 09:12:46 [main] INFO  c.alibaba.nacos.common.remote.client - [a3a53765-b326-4d05-bc69-ba3c87146168] Register server push request handler:com.alibaba.nacos.client.naming.remote.gprc.NamingPushRequestHandler
2025-12-29 09:12:46 [main] INFO  c.alibaba.nacos.common.remote.client - [a3a53765-b326-4d05-bc69-ba3c87146168] Try to connect to server on start up, server: {serverIp = '127.0.0.1', server main port = 8848}
2025-12-29 09:12:46 [main] INFO  c.a.n.c.r.client.grpc.GrpcClient - grpc client connection server:127.0.0.1 ip,serverPort:9848,grpcTslConfig:{"sslProvider":"","enableTls":false,"mutualAuthEnable":false,"trustAll":false}
2025-12-29 09:12:46 [main] INFO  c.alibaba.nacos.common.remote.client - [a3a53765-b326-4d05-bc69-ba3c87146168] Success to connect to server [127.0.0.1:8848] on start up, connectionId = 1766970766223_127.0.0.1_58863
2025-12-29 09:12:46 [main] INFO  c.alibaba.nacos.common.remote.client - [a3a53765-b326-4d05-bc69-ba3c87146168] Register server push request handler:com.alibaba.nacos.common.remote.client.RpcClient$ConnectResetRequestHandler
2025-12-29 09:12:46 [main] INFO  c.alibaba.nacos.common.remote.client - [a3a53765-b326-4d05-bc69-ba3c87146168] Register server push request handler:com.alibaba.nacos.common.remote.client.RpcClient$$Lambda$602/0x0000000801095308
2025-12-29 09:12:46 [com.alibaba.nacos.client.remote.worker.0] INFO  c.alibaba.nacos.common.remote.client - [a3a53765-b326-4d05-bc69-ba3c87146168] Notify connected event to listeners.
2025-12-29 09:12:46 [com.alibaba.nacos.client.remote.worker.0] INFO  com.alibaba.nacos.client.naming - Grpc connection connect
2025-12-29 09:12:46 [main] INFO  com.alibaba.nacos.client.naming - [REGISTER-SERVICE] public registering service event with instance Instance{instanceId='null', ip='192.168.183.1', port=58862, weight=1.0, healthy=true, enabled=true, ephemeral=true, clusterName='DEFAULT', serviceName='null', metadata={IPv6=[2001:da8:d002:b001:0:3d:6c1f:33db], preserved.register.source=SPRING_CLOUD}}
2025-12-29 09:12:46 [main] INFO  c.a.c.n.r.NacosServiceRegistry - nacos registry, DEFAULT_GROUP event 192.168.183.1:58862 register finished
2025-12-29 09:12:46 [main] INFO  com.example.event.EventApplication - Started EventApplication in 8.809 seconds (process running for 9.663)
2025-12-29 09:12:46 [main] INFO  c.a.n.client.config.impl.CacheData - config listener notify warn timeout millis use default 60000 millis 
2025-12-29 09:12:46 [main] INFO  c.a.n.client.config.impl.CacheData - nacos.cache.data.init.snapshot = true 
2025-12-29 09:12:46 [main] INFO  c.a.n.c.config.impl.ClientWorker - [fixed-127.0.0.1_8848] [subscribe] event-test.properties+DEFAULT_GROUP
2025-12-29 09:12:46 [main] INFO  c.a.n.client.config.impl.CacheData - [fixed-127.0.0.1_8848] [add-listener] ok, tenant=, dataId=event-test.properties, group=DEFAULT_GROUP, cnt=1
2025-12-29 09:12:46 [main] INFO  c.a.c.n.r.NacosContextRefresher - [Nacos Config] Listening config: dataId=event-test.properties, group=DEFAULT_GROUP
2025-12-29 09:12:46 [main] INFO  c.a.n.c.config.impl.ClientWorker - [fixed-127.0.0.1_8848] [subscribe] event+DEFAULT_GROUP
2025-12-29 09:12:46 [main] INFO  c.a.n.client.config.impl.CacheData - [fixed-127.0.0.1_8848] [add-listener] ok, tenant=, dataId=event, group=DEFAULT_GROUP, cnt=1
2025-12-29 09:12:46 [main] INFO  c.a.c.n.r.NacosContextRefresher - [Nacos Config] Listening config: dataId=event, group=DEFAULT_GROUP
2025-12-29 09:12:46 [main] INFO  c.a.n.c.config.impl.ClientWorker - [fixed-127.0.0.1_8848] [subscribe] event.properties+DEFAULT_GROUP
2025-12-29 09:12:46 [main] INFO  c.a.n.client.config.impl.CacheData - [fixed-127.0.0.1_8848] [add-listener] ok, tenant=, dataId=event.properties, group=DEFAULT_GROUP, cnt=1
2025-12-29 09:12:46 [main] INFO  c.a.c.n.r.NacosContextRefresher - [Nacos Config] Listening config: dataId=event.properties, group=DEFAULT_GROUP
2025-12-29 09:13:45 [main] INFO  c.a.nacos.client.utils.ParamUtil - [settings] [req-serv] nacos-server port:8848
2025-12-29 09:13:45 [main] INFO  c.a.nacos.client.utils.ParamUtil - [settings] [http-client] connect timeout:1000
2025-12-29 09:13:45 [main] INFO  c.a.nacos.client.utils.ParamUtil - PER_TASK_CONFIG_SIZE: 3000.0
2025-12-29 09:13:45 [Thread-1] INFO  c.a.n.c.a.r.i.CredentialWatcher - null No credential found
2025-12-29 09:13:45 [main] INFO  com.alibaba.nacos.common.labels - DefaultLabelsCollectorManager get labels.....
2025-12-29 09:13:45 [main] INFO  com.alibaba.nacos.common.labels - Process LabelsCollector with [name:defaultNacosLabelsCollector]
2025-12-29 09:13:45 [main] INFO  com.alibaba.nacos.common.labels - default nacos collect properties raw labels: null
2025-12-29 09:13:45 [main] INFO  com.alibaba.nacos.common.labels - default nacos collect properties labels: {}
2025-12-29 09:13:45 [main] INFO  com.alibaba.nacos.common.labels - default nacos collect jvm raw labels: null
2025-12-29 09:13:45 [main] INFO  com.alibaba.nacos.common.labels - default nacos collect jvm labels: {}
2025-12-29 09:13:45 [main] INFO  com.alibaba.nacos.common.labels - default nacos collect env raw labels: null
2025-12-29 09:13:45 [main] INFO  com.alibaba.nacos.common.labels - default nacos collect env labels: {}
2025-12-29 09:13:45 [main] INFO  com.alibaba.nacos.common.labels - DefaultLabelsCollectorManager get labels finished,labels :{}
2025-12-29 09:13:45 [main] INFO  c.a.n.p.a.s.c.ClientAuthPluginManager - [ClientAuthPluginManager] Load ClientAuthService com.alibaba.nacos.client.auth.impl.NacosClientAuthServiceImpl success.
2025-12-29 09:13:45 [main] INFO  c.a.n.p.a.s.c.ClientAuthPluginManager - [ClientAuthPluginManager] Load ClientAuthService com.alibaba.nacos.client.auth.ram.RamClientAuthServiceImpl success.
2025-12-29 09:13:46 [main] INFO  c.a.n.c.c.i.LocalConfigInfoProcessor - LOCAL_SNAPSHOT_PATH:C:\Users\24148\nacos\config
2025-12-29 09:13:46 [main] INFO  c.alibaba.nacos.common.remote.client - [RpcClientFactory] create a new rpc client of fa785496-2dab-45b0-b7e3-f4d277ce9ea7_config-0
2025-12-29 09:13:46 [main] INFO  c.alibaba.nacos.common.remote.client - [fa785496-2dab-45b0-b7e3-f4d277ce9ea7_config-0] Register server push request handler:com.alibaba.nacos.client.config.impl.ClientWorker$ConfigRpcTransportClient$$Lambda$579/0x0000000800f2e4a0
2025-12-29 09:13:46 [main] INFO  c.alibaba.nacos.common.remote.client - [fa785496-2dab-45b0-b7e3-f4d277ce9ea7_config-0] Register server push request handler:com.alibaba.nacos.client.config.impl.ClientWorker$ConfigRpcTransportClient$$Lambda$580/0x0000000800f2e8c0
2025-12-29 09:13:46 [main] INFO  c.alibaba.nacos.common.remote.client - [fa785496-2dab-45b0-b7e3-f4d277ce9ea7_config-0] Registry connection listener to current client:com.alibaba.nacos.client.config.impl.ClientWorker$ConfigRpcTransportClient$1
2025-12-29 09:13:46 [main] INFO  c.alibaba.nacos.common.remote.client - [fa785496-2dab-45b0-b7e3-f4d277ce9ea7_config-0] RpcClient init, ServerListFactory = com.alibaba.nacos.client.config.impl.ClientWorker$ConfigRpcTransportClient$2
2025-12-29 09:13:46 [main] INFO  c.alibaba.nacos.common.remote.client - [fa785496-2dab-45b0-b7e3-f4d277ce9ea7_config-0] Try to connect to server on start up, server: {serverIp = '127.0.0.1', server main port = 8848}
2025-12-29 09:13:46 [main] INFO  c.a.n.c.r.client.grpc.GrpcClient - grpc client connection server:127.0.0.1 ip,serverPort:9848,grpcTslConfig:{"sslProvider":"","enableTls":false,"mutualAuthEnable":false,"trustAll":false}
2025-12-29 09:13:46 [main] INFO  c.a.n.c.a.AbstractAbilityControlManager - Ready to get current node abilities...
2025-12-29 09:13:46 [main] INFO  c.a.n.c.a.AbstractAbilityControlManager - Ready to initialize current node abilities, support modes: [SDK_CLIENT]
2025-12-29 09:13:46 [main] INFO  c.a.n.c.a.AbstractAbilityControlManager - Initialize current abilities finish...
2025-12-29 09:13:46 [main] INFO  c.a.n.c.a.d.NacosAbilityManagerHolder - [AbilityControlManager] Successfully initialize AbilityControlManager
2025-12-29 09:13:46 [main] INFO  c.alibaba.nacos.common.remote.client - [fa785496-2dab-45b0-b7e3-f4d277ce9ea7_config-0] Success to connect to server [127.0.0.1:8848] on start up, connectionId = 1766970826720_127.0.0.1_52910
2025-12-29 09:13:46 [main] INFO  c.alibaba.nacos.common.remote.client - [fa785496-2dab-45b0-b7e3-f4d277ce9ea7_config-0] Register server push request handler:com.alibaba.nacos.common.remote.client.RpcClient$ConnectResetRequestHandler
2025-12-29 09:13:46 [com.alibaba.nacos.client.remote.worker.0] INFO  c.alibaba.nacos.common.remote.client - [fa785496-2dab-45b0-b7e3-f4d277ce9ea7_config-0] Notify connected event to listeners.
2025-12-29 09:13:46 [main] INFO  c.alibaba.nacos.common.remote.client - [fa785496-2dab-45b0-b7e3-f4d277ce9ea7_config-0] Register server push request handler:com.alibaba.nacos.common.remote.client.RpcClient$$Lambda$602/0x00000008010761e8
2025-12-29 09:13:46 [com.alibaba.nacos.client.remote.worker.0] INFO  c.a.n.c.config.impl.ClientWorker - [fa785496-2dab-45b0-b7e3-f4d277ce9ea7_config-0] Connected,notify listen context...
2025-12-29 09:13:46 [main] INFO  c.a.nacos.client.config.impl.Limiter - limitTime:5.0
2025-12-29 09:13:46 [main] WARN  c.a.c.n.c.NacosPropertySourceBuilder - Ignore the empty nacos configuration and get it based on dataId[event] & group[DEFAULT_GROUP]
2025-12-29 09:13:46 [main] WARN  c.a.c.n.c.NacosPropertySourceBuilder - Ignore the empty nacos configuration and get it based on dataId[event.properties] & group[DEFAULT_GROUP]
2025-12-29 09:13:46 [main] WARN  c.a.c.n.c.NacosPropertySourceBuilder - Ignore the empty nacos configuration and get it based on dataId[event-test.properties] & group[DEFAULT_GROUP]
2025-12-29 09:13:46 [main] INFO  o.s.c.b.c.PropertySourceBootstrapConfiguration - Located property source: [BootstrapPropertySource {name='bootstrapProperties-event-test.properties,DEFAULT_GROUP'}, BootstrapPropertySource {name='bootstrapProperties-event.properties,DEFAULT_GROUP'}, BootstrapPropertySource {name='bootstrapProperties-event,DEFAULT_GROUP'}]
2025-12-29 09:13:47 [main] INFO  com.example.event.EventApplication - The following 1 profile is active: "test"
2025-12-29 09:13:47 [main] INFO  o.s.d.r.c.RepositoryConfigurationDelegate - Multiple Spring Data modules found, entering strict repository configuration mode
2025-12-29 09:13:47 [main] INFO  o.s.d.r.c.RepositoryConfigurationDelegate - Bootstrapping Spring Data JDBC repositories in DEFAULT mode.
2025-12-29 09:13:47 [main] INFO  o.s.d.r.c.RepositoryConfigurationDelegate - Finished Spring Data repository scanning in 6 ms. Found 0 JDBC repository interfaces.
2025-12-29 09:13:47 [main] INFO  o.s.d.r.c.RepositoryConfigurationDelegate - Multiple Spring Data modules found, entering strict repository configuration mode
2025-12-29 09:13:47 [main] INFO  o.s.d.r.c.RepositoryConfigurationDelegate - Bootstrapping Spring Data JPA repositories in DEFAULT mode.
2025-12-29 09:13:47 [main] INFO  o.s.d.r.c.RepositoryConfigurationDelegate - Finished Spring Data repository scanning in 1 ms. Found 0 JPA repository interfaces.
2025-12-29 09:13:48 [main] INFO  o.s.cloud.context.scope.GenericScope - BeanFactory id=64815cff-cd8c-3059-8e92-42fcc970c03b
2025-12-29 09:13:48 [main] WARN  o.s.c.s.PostProcessorRegistrationDelegate$BeanPostProcessorChecker - Bean 'org.springframework.cloud.client.loadbalancer.LoadBalancerAutoConfiguration$LoadBalancerInterceptorConfig' of type [org.springframework.cloud.client.loadbalancer.LoadBalancerAutoConfiguration$LoadBalancerInterceptorConfig] is not eligible for getting processed by all BeanPostProcessors (for example: not eligible for auto-proxying). The currently created BeanPostProcessor [lbRestClientPostProcessor] is declared through a non-static factory method on that class; consider declaring it as static instead.
2025-12-29 09:13:48 [main] WARN  o.s.c.s.PostProcessorRegistrationDelegate$BeanPostProcessorChecker - Bean 'org.springframework.cloud.loadbalancer.config.BlockingLoadBalancerClientAutoConfiguration' of type [org.springframework.cloud.loadbalancer.config.BlockingLoadBalancerClientAutoConfiguration] is not eligible for getting processed by all BeanPostProcessors (for example: not eligible for auto-proxying). Is this bean getting eagerly injected into a currently created BeanPostProcessor [lbRestClientPostProcessor]? Check the corresponding BeanPostProcessor declaration and its dependencies.
2025-12-29 09:13:48 [main] WARN  o.s.c.s.PostProcessorRegistrationDelegate$BeanPostProcessorChecker - Bean 'org.springframework.cloud.loadbalancer.config.LoadBalancerAutoConfiguration' of type [org.springframework.cloud.loadbalancer.config.LoadBalancerAutoConfiguration] is not eligible for getting processed by all BeanPostProcessors (for example: not eligible for auto-proxying). Is this bean getting eagerly injected into a currently created BeanPostProcessor [lbRestClientPostProcessor]? Check the corresponding BeanPostProcessor declaration and its dependencies.
2025-12-29 09:13:48 [main] WARN  o.s.c.s.PostProcessorRegistrationDelegate$BeanPostProcessorChecker - Bean 'org.springframework.cloud.commons.config.CommonsConfigAutoConfiguration' of type [org.springframework.cloud.commons.config.CommonsConfigAutoConfiguration] is not eligible for getting processed by all BeanPostProcessors (for example: not eligible for auto-proxying). Is this bean getting eagerly injected into a currently created BeanPostProcessor [lbRestClientPostProcessor]? Check the corresponding BeanPostProcessor declaration and its dependencies.
2025-12-29 09:13:48 [main] WARN  o.s.c.s.PostProcessorRegistrationDelegate$BeanPostProcessorChecker - Bean 'org.springframework.cloud.client.loadbalancer.LoadBalancerDefaultMappingsProviderAutoConfiguration' of type [org.springframework.cloud.client.loadbalancer.LoadBalancerDefaultMappingsProviderAutoConfiguration] is not eligible for getting processed by all BeanPostProcessors (for example: not eligible for auto-proxying). Is this bean getting eagerly injected into a currently created BeanPostProcessor [lbRestClientPostProcessor]? Check the corresponding BeanPostProcessor declaration and its dependencies.
2025-12-29 09:13:48 [main] WARN  o.s.c.s.PostProcessorRegistrationDelegate$BeanPostProcessorChecker - Bean 'loadBalancerClientsDefaultsMappingsProvider' of type [org.springframework.cloud.client.loadbalancer.LoadBalancerDefaultMappingsProviderAutoConfiguration$$Lambda$742/0x00000008011c7050] is not eligible for getting processed by all BeanPostProcessors (for example: not eligible for auto-proxying). Is this bean getting eagerly injected into a currently created BeanPostProcessor [lbRestClientPostProcessor]? Check the corresponding BeanPostProcessor declaration and its dependencies.
2025-12-29 09:13:48 [main] WARN  o.s.c.s.PostProcessorRegistrationDelegate$BeanPostProcessorChecker - Bean 'defaultsBindHandlerAdvisor' of type [org.springframework.cloud.commons.config.DefaultsBindHandlerAdvisor] is not eligible for getting processed by all BeanPostProcessors (for example: not eligible for auto-proxying). Is this bean getting eagerly injected into a currently created BeanPostProcessor [lbRestClientPostProcessor]? Check the corresponding BeanPostProcessor declaration and its dependencies.
2025-12-29 09:13:48 [main] WARN  o.s.c.s.PostProcessorRegistrationDelegate$BeanPostProcessorChecker - Bean 'spring.cloud.loadbalancer-org.springframework.cloud.client.loadbalancer.LoadBalancerClientsProperties' of type [org.springframework.cloud.client.loadbalancer.LoadBalancerClientsProperties] is not eligible for getting processed by all BeanPostProcessors (for example: not eligible for auto-proxying). Is this bean getting eagerly injected into a currently created BeanPostProcessor [lbRestClientPostProcessor]? Check the corresponding BeanPostProcessor declaration and its dependencies.
2025-12-29 09:13:48 [main] WARN  o.s.c.s.PostProcessorRegistrationDelegate$BeanPostProcessorChecker - Bean 'default.org.springframework.cloud.loadbalancer.config.LoadBalancerAutoConfiguration.LoadBalancerClientSpecification' of type [org.springframework.cloud.loadbalancer.annotation.LoadBalancerClientSpecification] is not eligible for getting processed by all BeanPostProcessors (for example: not eligible for auto-proxying). Is this bean getting eagerly injected into a currently created BeanPostProcessor [lbRestClientPostProcessor]? Check the corresponding BeanPostProcessor declaration and its dependencies.
2025-12-29 09:13:48 [main] WARN  o.s.c.s.PostProcessorRegistrationDelegate$BeanPostProcessorChecker - Bean 'default.org.springframework.cloud.loadbalancer.config.BlockingLoadBalancerClientAutoConfiguration.LoadBalancerClientSpecification' of type [org.springframework.cloud.loadbalancer.annotation.LoadBalancerClientSpecification] is not eligible for getting processed by all BeanPostProcessors (for example: not eligible for auto-proxying). Is this bean getting eagerly injected into a currently created BeanPostProcessor [lbRestClientPostProcessor]? Check the corresponding BeanPostProcessor declaration and its dependencies.
2025-12-29 09:13:48 [main] WARN  o.s.c.s.PostProcessorRegistrationDelegate$BeanPostProcessorChecker - Bean 'loadBalancerClientFactory' of type [org.springframework.cloud.loadbalancer.support.LoadBalancerClientFactory] is not eligible for getting processed by all BeanPostProcessors (for example: not eligible for auto-proxying). Is this bean getting eagerly injected into a currently created BeanPostProcessor [lbRestClientPostProcessor]? Check the corresponding BeanPostProcessor declaration and its dependencies.
2025-12-29 09:13:48 [main] WARN  o.s.c.s.PostProcessorRegistrationDelegate$BeanPostProcessorChecker - Bean 'blockingLoadBalancerClient' of type [org.springframework.cloud.loadbalancer.blocking.client.BlockingLoadBalancerClient] is not eligible for getting processed by all BeanPostProcessors (for example: not eligible for auto-proxying). Is this bean getting eagerly injected into a currently created BeanPostProcessor [lbRestClientPostProcessor]? Check the corresponding BeanPostProcessor declaration and its dependencies.
2025-12-29 09:13:48 [main] WARN  o.s.c.s.PostProcessorRegistrationDelegate$BeanPostProcessorChecker - Bean 'loadBalancerServiceInstanceCookieTransformer' of type [org.springframework.cloud.loadbalancer.core.LoadBalancerServiceInstanceCookieTransformer] is not eligible for getting processed by all BeanPostProcessors (for example: not eligible for auto-proxying). Is this bean getting eagerly injected into a currently created BeanPostProcessor [lbRestClientPostProcessor]? Check the corresponding BeanPostProcessor declaration and its dependencies.
2025-12-29 09:13:48 [main] WARN  o.s.c.s.PostProcessorRegistrationDelegate$BeanPostProcessorChecker - Bean 'xForwarderHeadersTransformer' of type [org.springframework.cloud.loadbalancer.blocking.XForwardedHeadersTransformer] is not eligible for getting processed by all BeanPostProcessors (for example: not eligible for auto-proxying). Is this bean getting eagerly injected into a currently created BeanPostProcessor [lbRestClientPostProcessor]? Check the corresponding BeanPostProcessor declaration and its dependencies.
2025-12-29 09:13:48 [main] WARN  o.s.c.s.PostProcessorRegistrationDelegate$BeanPostProcessorChecker - Bean 'org.springframework.cloud.client.loadbalancer.LoadBalancerAutoConfiguration' of type [org.springframework.cloud.client.loadbalancer.LoadBalancerAutoConfiguration] is not eligible for getting processed by all BeanPostProcessors (for example: not eligible for auto-proxying). Is this bean getting eagerly injected into a currently created BeanPostProcessor [lbRestClientPostProcessor]? Check the corresponding BeanPostProcessor declaration and its dependencies.
2025-12-29 09:13:48 [main] WARN  o.s.c.s.PostProcessorRegistrationDelegate$BeanPostProcessorChecker - Bean 'loadBalancerRequestFactory' of type [org.springframework.cloud.client.loadbalancer.LoadBalancerRequestFactory] is not eligible for getting processed by all BeanPostProcessors (for example: not eligible for auto-proxying). Is this bean getting eagerly injected into a currently created BeanPostProcessor [lbRestClientPostProcessor]? Check the corresponding BeanPostProcessor declaration and its dependencies.
2025-12-29 09:13:48 [main] WARN  o.s.c.s.PostProcessorRegistrationDelegate$BeanPostProcessorChecker - Bean 'loadBalancerInterceptor' of type [org.springframework.cloud.client.loadbalancer.LoadBalancerInterceptor] is not eligible for getting processed by all BeanPostProcessors (for example: not eligible for auto-proxying). Is this bean getting eagerly injected into a currently created BeanPostProcessor [lbRestClientPostProcessor]? Check the corresponding BeanPostProcessor declaration and its dependencies.
2025-12-29 09:13:48 [main] INFO  o.s.b.w.e.tomcat.TomcatWebServer - Tomcat initialized with port 0 (http)
2025-12-29 09:13:48 [main] INFO  o.a.coyote.http11.Http11NioProtocol - Initializing ProtocolHandler ["http-nio-auto-1"]
2025-12-29 09:13:48 [main] INFO  o.a.catalina.core.StandardService - Starting service [Tomcat]
2025-12-29 09:13:48 [main] INFO  o.a.catalina.core.StandardEngine - Starting Servlet engine: [Apache Tomcat/10.1.16]
2025-12-29 09:13:48 [main] INFO  o.a.c.c.C.[Tomcat].[localhost].[/] - Initializing Spring embedded WebApplicationContext
2025-12-29 09:13:48 [main] INFO  o.s.b.w.s.c.ServletWebServerApplicationContext - Root WebApplicationContext: initialization completed in 1890 ms
2025-12-29 09:13:49 [main] INFO  com.zaxxer.hikari.HikariDataSource - HikariPool-1 - Starting...
2025-12-29 09:13:49 [main] INFO  com.zaxxer.hikari.pool.HikariPool - HikariPool-1 - Added connection com.mysql.cj.jdbc.ConnectionImpl@23358740
2025-12-29 09:13:49 [main] INFO  com.zaxxer.hikari.HikariDataSource - HikariPool-1 - Start completed.
2025-12-29 09:13:49 [main] INFO  o.h.jpa.internal.util.LogHelper - HHH000204: Processing PersistenceUnitInfo [name: default]
2025-12-29 09:13:49 [main] INFO  org.hibernate.Version - HHH000412: Hibernate ORM core version 6.3.1.Final
2025-12-29 09:13:49 [main] INFO  o.h.c.i.RegionFactoryInitiator - HHH000026: Second-level cache disabled
2025-12-29 09:13:50 [main] INFO  o.s.o.j.p.SpringPersistenceUnitInfo - No LoadTimeWeaver setup: ignoring JPA class transformer
2025-12-29 09:13:50 [main] WARN  org.hibernate.orm.deprecation - HHH90000025: MySQL8Dialect does not need to be specified explicitly using 'hibernate.dialect' (remove the property setting and it will be selected by default)
2025-12-29 09:13:50 [main] WARN  org.hibernate.orm.deprecation - HHH90000026: MySQL8Dialect has been deprecated; use org.hibernate.dialect.MySQLDialect instead
2025-12-29 09:13:50 [main] INFO  o.h.e.t.j.p.i.JtaPlatformInitiator - HHH000489: No JTA platform available (set 'hibernate.transaction.jta.platform' to enable JTA platform integration)
2025-12-29 09:13:50 [main] INFO  o.s.o.j.LocalContainerEntityManagerFactoryBean - Initialized JPA EntityManagerFactory for persistence unit 'default'
2025-12-29 09:13:50 [main] WARN  o.s.b.a.o.j.JpaBaseConfiguration$JpaWebConfiguration - spring.jpa.open-in-view is enabled by default. Therefore, database queries may be performed during view rendering. Explicitly configure spring.jpa.open-in-view to disable this warning
2025-12-29 09:13:52 [main] TRACE o.s.s.c.a.a.c.AuthenticationConfiguration$EnableGlobalAuthenticationAutowiredConfigurer - Eagerly initializing {org.springframework.boot.autoconfigure.security.servlet.SpringBootWebSecurityConfiguration$WebSecurityEnablerConfiguration=org.springframework.boot.autoconfigure.security.servlet.SpringBootWebSecurityConfiguration$WebSecurityEnablerConfiguration@4a84beb7}
2025-12-29 09:13:52 [main] WARN  o.s.b.a.s.s.UserDetailsServiceAutoConfiguration - 

Using generated security password: d2370579-b546-4024-8e9f-521d45ad8295

This generated password is for development use only. Your security configuration must be updated before running your application in production.

2025-12-29 09:13:52 [main] INFO  o.s.s.web.DefaultSecurityFilterChain - Will secure any request with [org.springframework.security.web.session.DisableEncodeUrlFilter@1a9e2c3b, org.springframework.security.web.context.request.async.WebAsyncManagerIntegrationFilter@5f92e5eb, org.springframework.security.web.context.SecurityContextHolderFilter@7d619bcb, org.springframework.security.web.header.HeaderWriterFilter@38624a3a, org.springframework.web.filter.CorsFilter@9423344, org.springframework.security.web.csrf.CsrfFilter@3ad5f99, org.springframework.security.web.authentication.logout.LogoutFilter@6db84cae, org.springframework.security.web.authentication.UsernamePasswordAuthenticationFilter@1cbb394b, org.springframework.security.web.authentication.ui.DefaultLoginPageGeneratingFilter@62d72091, org.springframework.security.web.authentication.ui.DefaultLogoutPageGeneratingFilter@73ccdfc1, org.springframework.security.web.authentication.www.BasicAuthenticationFilter@6dd50380, org.springframework.security.web.savedrequest.RequestCacheAwareFilter@75937998, org.springframework.security.web.servletapi.SecurityContextHolderAwareRequestFilter@696d28ee, org.springframework.security.web.authentication.AnonymousAuthenticationFilter@18d8da77, org.springframework.security.web.access.ExceptionTranslationFilter@49f32bcb, org.springframework.security.web.access.intercept.AuthorizationFilter@715ea64a]
2025-12-29 09:13:52 [main] WARN  o.s.c.l.c.LoadBalancerCacheAutoConfiguration$LoadBalancerCaffeineWarnLogger - Spring Cloud LoadBalancer is currently working with the default cache. While this cache implementation is useful for development and tests, it's recommended to use Caffeine cache in production.You can switch to using Caffeine cache, by adding it and org.springframework.cache.caffeine.CaffeineCacheManager to the classpath.
2025-12-29 09:13:52 [main] INFO  o.a.coyote.http11.Http11NioProtocol - Starting ProtocolHandler ["http-nio-auto-1"]
2025-12-29 09:13:52 [main] INFO  o.s.b.w.e.tomcat.TomcatWebServer - Tomcat started on port 52937 (http) with context path ''
2025-12-29 09:13:52 [main] INFO  com.alibaba.nacos.client.naming - initializer namespace from ans.namespace attribute : null
2025-12-29 09:13:52 [main] INFO  com.alibaba.nacos.client.naming - initializer namespace from ALIBABA_ALIWARE_NAMESPACE attribute :null
2025-12-29 09:13:52 [main] INFO  com.alibaba.nacos.client.naming - initializer namespace from namespace attribute :null
2025-12-29 09:13:52 [main] INFO  com.alibaba.nacos.client.naming - FailoverDataSource type is class com.alibaba.nacos.client.naming.backups.datasource.DiskFailoverDataSource
2025-12-29 09:13:52 [main] INFO  c.a.n.p.a.s.c.ClientAuthPluginManager - [ClientAuthPluginManager] Load ClientAuthService com.alibaba.nacos.client.auth.impl.NacosClientAuthServiceImpl success.
2025-12-29 09:13:52 [main] INFO  c.a.n.p.a.s.c.ClientAuthPluginManager - [ClientAuthPluginManager] Load ClientAuthService com.alibaba.nacos.client.auth.ram.RamClientAuthServiceImpl success.
2025-12-29 09:13:52 [main] INFO  c.alibaba.nacos.common.remote.client - [RpcClientFactory] create a new rpc client of 3319b2cd-6bca-45ea-8c64-c02fddbacda6
2025-12-29 09:13:52 [main] INFO  com.alibaba.nacos.client.naming - Create naming rpc client for uuid->3319b2cd-6bca-45ea-8c64-c02fddbacda6
2025-12-29 09:13:52 [main] INFO  c.alibaba.nacos.common.remote.client - [3319b2cd-6bca-45ea-8c64-c02fddbacda6] RpcClient init, ServerListFactory = com.alibaba.nacos.client.naming.core.ServerListManager
2025-12-29 09:13:52 [main] INFO  c.alibaba.nacos.common.remote.client - [3319b2cd-6bca-45ea-8c64-c02fddbacda6] Registry connection listener to current client:com.alibaba.nacos.client.naming.remote.gprc.redo.NamingGrpcRedoService
2025-12-29 09:13:52 [main] INFO  c.alibaba.nacos.common.remote.client - [3319b2cd-6bca-45ea-8c64-c02fddbacda6] Register server push request handler:com.alibaba.nacos.client.naming.remote.gprc.NamingPushRequestHandler
2025-12-29 09:13:52 [main] INFO  c.alibaba.nacos.common.remote.client - [3319b2cd-6bca-45ea-8c64-c02fddbacda6] Try to connect to server on start up, server: {serverIp = '127.0.0.1', server main port = 8848}
2025-12-29 09:13:52 [main] INFO  c.a.n.c.r.client.grpc.GrpcClient - grpc client connection server:127.0.0.1 ip,serverPort:9848,grpcTslConfig:{"sslProvider":"","enableTls":false,"mutualAuthEnable":false,"trustAll":false}
2025-12-29 09:13:52 [main] INFO  c.alibaba.nacos.common.remote.client - [3319b2cd-6bca-45ea-8c64-c02fddbacda6] Success to connect to server [127.0.0.1:8848] on start up, connectionId = 1766970832527_127.0.0.1_52938
2025-12-29 09:13:52 [main] INFO  c.alibaba.nacos.common.remote.client - [3319b2cd-6bca-45ea-8c64-c02fddbacda6] Register server push request handler:com.alibaba.nacos.common.remote.client.RpcClient$ConnectResetRequestHandler
2025-12-29 09:13:52 [com.alibaba.nacos.client.remote.worker.0] INFO  c.alibaba.nacos.common.remote.client - [3319b2cd-6bca-45ea-8c64-c02fddbacda6] Notify connected event to listeners.
2025-12-29 09:13:52 [main] INFO  c.alibaba.nacos.common.remote.client - [3319b2cd-6bca-45ea-8c64-c02fddbacda6] Register server push request handler:com.alibaba.nacos.common.remote.client.RpcClient$$Lambda$602/0x00000008010761e8
2025-12-29 09:13:52 [com.alibaba.nacos.client.remote.worker.0] INFO  com.alibaba.nacos.client.naming - Grpc connection connect
2025-12-29 09:13:52 [main] INFO  com.alibaba.nacos.client.naming - [REGISTER-SERVICE] public registering service event with instance Instance{instanceId='null', ip='192.168.183.1', port=52937, weight=1.0, healthy=true, enabled=true, ephemeral=true, clusterName='DEFAULT', serviceName='null', metadata={IPv6=[2001:da8:d002:b001:0:3d:6c1f:33db], preserved.register.source=SPRING_CLOUD}}
2025-12-29 09:13:52 [main] INFO  c.a.c.n.r.NacosServiceRegistry - nacos registry, DEFAULT_GROUP event 192.168.183.1:52937 register finished
2025-12-29 09:13:53 [main] INFO  com.example.event.EventApplication - Started EventApplication in 9.45 seconds (process running for 10.409)
2025-12-29 09:13:53 [main] INFO  c.a.n.client.config.impl.CacheData - config listener notify warn timeout millis use default 60000 millis 
2025-12-29 09:13:53 [main] INFO  c.a.n.client.config.impl.CacheData - nacos.cache.data.init.snapshot = true 
2025-12-29 09:13:53 [main] INFO  c.a.n.c.config.impl.ClientWorker - [fixed-127.0.0.1_8848] [subscribe] event-test.properties+DEFAULT_GROUP
2025-12-29 09:13:53 [main] INFO  c.a.n.client.config.impl.CacheData - [fixed-127.0.0.1_8848] [add-listener] ok, tenant=, dataId=event-test.properties, group=DEFAULT_GROUP, cnt=1
2025-12-29 09:13:53 [main] INFO  c.a.c.n.r.NacosContextRefresher - [Nacos Config] Listening config: dataId=event-test.properties, group=DEFAULT_GROUP
2025-12-29 09:13:53 [main] INFO  c.a.n.c.config.impl.ClientWorker - [fixed-127.0.0.1_8848] [subscribe] event+DEFAULT_GROUP
2025-12-29 09:13:53 [main] INFO  c.a.n.client.config.impl.CacheData - [fixed-127.0.0.1_8848] [add-listener] ok, tenant=, dataId=event, group=DEFAULT_GROUP, cnt=1
2025-12-29 09:13:53 [main] INFO  c.a.c.n.r.NacosContextRefresher - [Nacos Config] Listening config: dataId=event, group=DEFAULT_GROUP
2025-12-29 09:13:53 [main] INFO  c.a.n.c.config.impl.ClientWorker - [fixed-127.0.0.1_8848] [subscribe] event.properties+DEFAULT_GROUP
2025-12-29 09:13:53 [main] INFO  c.a.n.client.config.impl.CacheData - [fixed-127.0.0.1_8848] [add-listener] ok, tenant=, dataId=event.properties, group=DEFAULT_GROUP, cnt=1
2025-12-29 09:13:53 [main] INFO  c.a.c.n.r.NacosContextRefresher - [Nacos Config] Listening config: dataId=event.properties, group=DEFAULT_GROUP
2025-12-29 09:14:56 [main] INFO  c.a.nacos.client.utils.ParamUtil - [settings] [req-serv] nacos-server port:8848
2025-12-29 09:14:56 [Thread-1] INFO  c.a.n.c.a.r.i.CredentialWatcher - null No credential found
2025-12-29 09:14:56 [main] INFO  c.a.nacos.client.utils.ParamUtil - [settings] [http-client] connect timeout:1000
2025-12-29 09:14:56 [main] INFO  c.a.nacos.client.utils.ParamUtil - PER_TASK_CONFIG_SIZE: 3000.0
2025-12-29 09:14:56 [main] INFO  com.alibaba.nacos.common.labels - DefaultLabelsCollectorManager get labels.....
2025-12-29 09:14:56 [main] INFO  com.alibaba.nacos.common.labels - Process LabelsCollector with [name:defaultNacosLabelsCollector]
2025-12-29 09:14:56 [main] INFO  com.alibaba.nacos.common.labels - default nacos collect properties raw labels: null
2025-12-29 09:14:56 [main] INFO  com.alibaba.nacos.common.labels - default nacos collect properties labels: {}
2025-12-29 09:14:56 [main] INFO  com.alibaba.nacos.common.labels - default nacos collect jvm raw labels: null
2025-12-29 09:14:56 [main] INFO  com.alibaba.nacos.common.labels - default nacos collect jvm labels: {}
2025-12-29 09:14:56 [main] INFO  com.alibaba.nacos.common.labels - default nacos collect env raw labels: null
2025-12-29 09:14:56 [main] INFO  com.alibaba.nacos.common.labels - default nacos collect env labels: {}
2025-12-29 09:14:56 [main] INFO  com.alibaba.nacos.common.labels - DefaultLabelsCollectorManager get labels finished,labels :{}
2025-12-29 09:14:56 [main] INFO  c.a.n.p.a.s.c.ClientAuthPluginManager - [ClientAuthPluginManager] Load ClientAuthService com.alibaba.nacos.client.auth.impl.NacosClientAuthServiceImpl success.
2025-12-29 09:14:56 [main] INFO  c.a.n.p.a.s.c.ClientAuthPluginManager - [ClientAuthPluginManager] Load ClientAuthService com.alibaba.nacos.client.auth.ram.RamClientAuthServiceImpl success.
2025-12-29 09:14:57 [main] INFO  c.a.n.c.c.i.LocalConfigInfoProcessor - LOCAL_SNAPSHOT_PATH:C:\Users\24148\nacos\config
2025-12-29 09:14:57 [main] INFO  c.alibaba.nacos.common.remote.client - [RpcClientFactory] create a new rpc client of 73b4b317-9a58-4695-b611-ed143fc5622a_config-0
2025-12-29 09:14:57 [main] INFO  c.alibaba.nacos.common.remote.client - [73b4b317-9a58-4695-b611-ed143fc5622a_config-0] Register server push request handler:com.alibaba.nacos.client.config.impl.ClientWorker$ConfigRpcTransportClient$$Lambda$579/0x0000000800f2eb48
2025-12-29 09:14:57 [main] INFO  c.alibaba.nacos.common.remote.client - [73b4b317-9a58-4695-b611-ed143fc5622a_config-0] Register server push request handler:com.alibaba.nacos.client.config.impl.ClientWorker$ConfigRpcTransportClient$$Lambda$580/0x0000000800f2ef68
2025-12-29 09:14:57 [main] INFO  c.alibaba.nacos.common.remote.client - [73b4b317-9a58-4695-b611-ed143fc5622a_config-0] Registry connection listener to current client:com.alibaba.nacos.client.config.impl.ClientWorker$ConfigRpcTransportClient$1
2025-12-29 09:14:57 [main] INFO  c.alibaba.nacos.common.remote.client - [73b4b317-9a58-4695-b611-ed143fc5622a_config-0] RpcClient init, ServerListFactory = com.alibaba.nacos.client.config.impl.ClientWorker$ConfigRpcTransportClient$2
2025-12-29 09:14:57 [main] INFO  c.alibaba.nacos.common.remote.client - [73b4b317-9a58-4695-b611-ed143fc5622a_config-0] Try to connect to server on start up, server: {serverIp = '127.0.0.1', server main port = 8848}
2025-12-29 09:14:57 [main] INFO  c.a.n.c.r.client.grpc.GrpcClient - grpc client connection server:127.0.0.1 ip,serverPort:9848,grpcTslConfig:{"sslProvider":"","enableTls":false,"mutualAuthEnable":false,"trustAll":false}
2025-12-29 09:14:59 [main] INFO  c.a.n.c.a.AbstractAbilityControlManager - Ready to get current node abilities...
2025-12-29 09:14:59 [main] INFO  c.a.n.c.a.AbstractAbilityControlManager - Ready to initialize current node abilities, support modes: [SDK_CLIENT]
2025-12-29 09:14:59 [main] INFO  c.a.n.c.a.AbstractAbilityControlManager - Initialize current abilities finish...
2025-12-29 09:14:59 [main] INFO  c.a.n.c.a.d.NacosAbilityManagerHolder - [AbilityControlManager] Successfully initialize AbilityControlManager
2025-12-29 09:14:59 [main] INFO  c.alibaba.nacos.common.remote.client - [73b4b317-9a58-4695-b611-ed143fc5622a_config-0] Success to connect to server [127.0.0.1:8848] on start up, connectionId = 1766970899043_127.0.0.1_63983
2025-12-29 09:14:59 [main] INFO  c.alibaba.nacos.common.remote.client - [73b4b317-9a58-4695-b611-ed143fc5622a_config-0] Register server push request handler:com.alibaba.nacos.common.remote.client.RpcClient$ConnectResetRequestHandler
2025-12-29 09:14:59 [com.alibaba.nacos.client.remote.worker.0] INFO  c.alibaba.nacos.common.remote.client - [73b4b317-9a58-4695-b611-ed143fc5622a_config-0] Notify connected event to listeners.
2025-12-29 09:14:59 [com.alibaba.nacos.client.remote.worker.0] INFO  c.a.n.c.config.impl.ClientWorker - [73b4b317-9a58-4695-b611-ed143fc5622a_config-0] Connected,notify listen context...
2025-12-29 09:14:59 [main] INFO  c.alibaba.nacos.common.remote.client - [73b4b317-9a58-4695-b611-ed143fc5622a_config-0] Register server push request handler:com.alibaba.nacos.common.remote.client.RpcClient$$Lambda$602/0x0000000801076468
2025-12-29 09:14:59 [main] INFO  c.a.nacos.client.config.impl.Limiter - limitTime:5.0
2025-12-29 09:14:59 [main] WARN  c.a.c.n.c.NacosPropertySourceBuilder - Ignore the empty nacos configuration and get it based on dataId[event] & group[DEFAULT_GROUP]
2025-12-29 09:14:59 [main] WARN  c.a.c.n.c.NacosPropertySourceBuilder - Ignore the empty nacos configuration and get it based on dataId[event.properties] & group[DEFAULT_GROUP]
2025-12-29 09:14:59 [main] WARN  c.a.c.n.c.NacosPropertySourceBuilder - Ignore the empty nacos configuration and get it based on dataId[event-test.properties] & group[DEFAULT_GROUP]
2025-12-29 09:14:59 [main] INFO  o.s.c.b.c.PropertySourceBootstrapConfiguration - Located property source: [BootstrapPropertySource {name='bootstrapProperties-event-test.properties,DEFAULT_GROUP'}, BootstrapPropertySource {name='bootstrapProperties-event.properties,DEFAULT_GROUP'}, BootstrapPropertySource {name='bootstrapProperties-event,DEFAULT_GROUP'}]
2025-12-29 09:14:59 [main] INFO  com.example.event.EventApplication - The following 1 profile is active: "test"
2025-12-29 09:15:00 [main] INFO  o.s.d.r.c.RepositoryConfigurationDelegate - Multiple Spring Data modules found, entering strict repository configuration mode
2025-12-29 09:15:00 [main] INFO  o.s.d.r.c.RepositoryConfigurationDelegate - Bootstrapping Spring Data JDBC repositories in DEFAULT mode.
2025-12-29 09:15:00 [main] INFO  o.s.d.r.c.RepositoryConfigurationDelegate - Finished Spring Data repository scanning in 11 ms. Found 0 JDBC repository interfaces.
2025-12-29 09:15:00 [main] INFO  o.s.d.r.c.RepositoryConfigurationDelegate - Multiple Spring Data modules found, entering strict repository configuration mode
2025-12-29 09:15:00 [main] INFO  o.s.d.r.c.RepositoryConfigurationDelegate - Bootstrapping Spring Data JPA repositories in DEFAULT mode.
2025-12-29 09:15:00 [main] INFO  o.s.d.r.c.RepositoryConfigurationDelegate - Finished Spring Data repository scanning in 0 ms. Found 0 JPA repository interfaces.
2025-12-29 09:15:00 [main] INFO  o.s.cloud.context.scope.GenericScope - BeanFactory id=64815cff-cd8c-3059-8e92-42fcc970c03b
2025-12-29 09:15:00 [main] WARN  o.s.c.s.PostProcessorRegistrationDelegate$BeanPostProcessorChecker - Bean 'org.springframework.cloud.client.loadbalancer.LoadBalancerAutoConfiguration$LoadBalancerInterceptorConfig' of type [org.springframework.cloud.client.loadbalancer.LoadBalancerAutoConfiguration$LoadBalancerInterceptorConfig] is not eligible for getting processed by all BeanPostProcessors (for example: not eligible for auto-proxying). The currently created BeanPostProcessor [lbRestClientPostProcessor] is declared through a non-static factory method on that class; consider declaring it as static instead.
2025-12-29 09:15:00 [main] WARN  o.s.c.s.PostProcessorRegistrationDelegate$BeanPostProcessorChecker - Bean 'org.springframework.cloud.loadbalancer.config.BlockingLoadBalancerClientAutoConfiguration' of type [org.springframework.cloud.loadbalancer.config.BlockingLoadBalancerClientAutoConfiguration] is not eligible for getting processed by all BeanPostProcessors (for example: not eligible for auto-proxying). Is this bean getting eagerly injected into a currently created BeanPostProcessor [lbRestClientPostProcessor]? Check the corresponding BeanPostProcessor declaration and its dependencies.
2025-12-29 09:15:00 [main] WARN  o.s.c.s.PostProcessorRegistrationDelegate$BeanPostProcessorChecker - Bean 'org.springframework.cloud.loadbalancer.config.LoadBalancerAutoConfiguration' of type [org.springframework.cloud.loadbalancer.config.LoadBalancerAutoConfiguration] is not eligible for getting processed by all BeanPostProcessors (for example: not eligible for auto-proxying). Is this bean getting eagerly injected into a currently created BeanPostProcessor [lbRestClientPostProcessor]? Check the corresponding BeanPostProcessor declaration and its dependencies.
2025-12-29 09:15:00 [main] WARN  o.s.c.s.PostProcessorRegistrationDelegate$BeanPostProcessorChecker - Bean 'org.springframework.cloud.commons.config.CommonsConfigAutoConfiguration' of type [org.springframework.cloud.commons.config.CommonsConfigAutoConfiguration] is not eligible for getting processed by all BeanPostProcessors (for example: not eligible for auto-proxying). Is this bean getting eagerly injected into a currently created BeanPostProcessor [lbRestClientPostProcessor]? Check the corresponding BeanPostProcessor declaration and its dependencies.
2025-12-29 09:15:00 [main] WARN  o.s.c.s.PostProcessorRegistrationDelegate$BeanPostProcessorChecker - Bean 'org.springframework.cloud.client.loadbalancer.LoadBalancerDefaultMappingsProviderAutoConfiguration' of type [org.springframework.cloud.client.loadbalancer.LoadBalancerDefaultMappingsProviderAutoConfiguration] is not eligible for getting processed by all BeanPostProcessors (for example: not eligible for auto-proxying). Is this bean getting eagerly injected into a currently created BeanPostProcessor [lbRestClientPostProcessor]? Check the corresponding BeanPostProcessor declaration and its dependencies.
2025-12-29 09:15:00 [main] WARN  o.s.c.s.PostProcessorRegistrationDelegate$BeanPostProcessorChecker - Bean 'loadBalancerClientsDefaultsMappingsProvider' of type [org.springframework.cloud.client.loadbalancer.LoadBalancerDefaultMappingsProviderAutoConfiguration$$Lambda$742/0x00000008011c78b0] is not eligible for getting processed by all BeanPostProcessors (for example: not eligible for auto-proxying). Is this bean getting eagerly injected into a currently created BeanPostProcessor [lbRestClientPostProcessor]? Check the corresponding BeanPostProcessor declaration and its dependencies.
2025-12-29 09:15:00 [main] WARN  o.s.c.s.PostProcessorRegistrationDelegate$BeanPostProcessorChecker - Bean 'defaultsBindHandlerAdvisor' of type [org.springframework.cloud.commons.config.DefaultsBindHandlerAdvisor] is not eligible for getting processed by all BeanPostProcessors (for example: not eligible for auto-proxying). Is this bean getting eagerly injected into a currently created BeanPostProcessor [lbRestClientPostProcessor]? Check the corresponding BeanPostProcessor declaration and its dependencies.
2025-12-29 09:15:00 [main] WARN  o.s.c.s.PostProcessorRegistrationDelegate$BeanPostProcessorChecker - Bean 'spring.cloud.loadbalancer-org.springframework.cloud.client.loadbalancer.LoadBalancerClientsProperties' of type [org.springframework.cloud.client.loadbalancer.LoadBalancerClientsProperties] is not eligible for getting processed by all BeanPostProcessors (for example: not eligible for auto-proxying). Is this bean getting eagerly injected into a currently created BeanPostProcessor [lbRestClientPostProcessor]? Check the corresponding BeanPostProcessor declaration and its dependencies.
2025-12-29 09:15:00 [main] WARN  o.s.c.s.PostProcessorRegistrationDelegate$BeanPostProcessorChecker - Bean 'default.org.springframework.cloud.loadbalancer.config.LoadBalancerAutoConfiguration.LoadBalancerClientSpecification' of type [org.springframework.cloud.loadbalancer.annotation.LoadBalancerClientSpecification] is not eligible for getting processed by all BeanPostProcessors (for example: not eligible for auto-proxying). Is this bean getting eagerly injected into a currently created BeanPostProcessor [lbRestClientPostProcessor]? Check the corresponding BeanPostProcessor declaration and its dependencies.
2025-12-29 09:15:00 [main] WARN  o.s.c.s.PostProcessorRegistrationDelegate$BeanPostProcessorChecker - Bean 'default.org.springframework.cloud.loadbalancer.config.BlockingLoadBalancerClientAutoConfiguration.LoadBalancerClientSpecification' of type [org.springframework.cloud.loadbalancer.annotation.LoadBalancerClientSpecification] is not eligible for getting processed by all BeanPostProcessors (for example: not eligible for auto-proxying). Is this bean getting eagerly injected into a currently created BeanPostProcessor [lbRestClientPostProcessor]? Check the corresponding BeanPostProcessor declaration and its dependencies.
2025-12-29 09:15:00 [main] WARN  o.s.c.s.PostProcessorRegistrationDelegate$BeanPostProcessorChecker - Bean 'loadBalancerClientFactory' of type [org.springframework.cloud.loadbalancer.support.LoadBalancerClientFactory] is not eligible for getting processed by all BeanPostProcessors (for example: not eligible for auto-proxying). Is this bean getting eagerly injected into a currently created BeanPostProcessor [lbRestClientPostProcessor]? Check the corresponding BeanPostProcessor declaration and its dependencies.
2025-12-29 09:15:00 [main] WARN  o.s.c.s.PostProcessorRegistrationDelegate$BeanPostProcessorChecker - Bean 'blockingLoadBalancerClient' of type [org.springframework.cloud.loadbalancer.blocking.client.BlockingLoadBalancerClient] is not eligible for getting processed by all BeanPostProcessors (for example: not eligible for auto-proxying). Is this bean getting eagerly injected into a currently created BeanPostProcessor [lbRestClientPostProcessor]? Check the corresponding BeanPostProcessor declaration and its dependencies.
2025-12-29 09:15:00 [main] WARN  o.s.c.s.PostProcessorRegistrationDelegate$BeanPostProcessorChecker - Bean 'loadBalancerServiceInstanceCookieTransformer' of type [org.springframework.cloud.loadbalancer.core.LoadBalancerServiceInstanceCookieTransformer] is not eligible for getting processed by all BeanPostProcessors (for example: not eligible for auto-proxying). Is this bean getting eagerly injected into a currently created BeanPostProcessor [lbRestClientPostProcessor]? Check the corresponding BeanPostProcessor declaration and its dependencies.
2025-12-29 09:15:00 [main] WARN  o.s.c.s.PostProcessorRegistrationDelegate$BeanPostProcessorChecker - Bean 'xForwarderHeadersTransformer' of type [org.springframework.cloud.loadbalancer.blocking.XForwardedHeadersTransformer] is not eligible for getting processed by all BeanPostProcessors (for example: not eligible for auto-proxying). Is this bean getting eagerly injected into a currently created BeanPostProcessor [lbRestClientPostProcessor]? Check the corresponding BeanPostProcessor declaration and its dependencies.
2025-12-29 09:15:00 [main] WARN  o.s.c.s.PostProcessorRegistrationDelegate$BeanPostProcessorChecker - Bean 'org.springframework.cloud.client.loadbalancer.LoadBalancerAutoConfiguration' of type [org.springframework.cloud.client.loadbalancer.LoadBalancerAutoConfiguration] is not eligible for getting processed by all BeanPostProcessors (for example: not eligible for auto-proxying). Is this bean getting eagerly injected into a currently created BeanPostProcessor [lbRestClientPostProcessor]? Check the corresponding BeanPostProcessor declaration and its dependencies.
2025-12-29 09:15:00 [main] WARN  o.s.c.s.PostProcessorRegistrationDelegate$BeanPostProcessorChecker - Bean 'loadBalancerRequestFactory' of type [org.springframework.cloud.client.loadbalancer.LoadBalancerRequestFactory] is not eligible for getting processed by all BeanPostProcessors (for example: not eligible for auto-proxying). Is this bean getting eagerly injected into a currently created BeanPostProcessor [lbRestClientPostProcessor]? Check the corresponding BeanPostProcessor declaration and its dependencies.
2025-12-29 09:15:00 [main] WARN  o.s.c.s.PostProcessorRegistrationDelegate$BeanPostProcessorChecker - Bean 'loadBalancerInterceptor' of type [org.springframework.cloud.client.loadbalancer.LoadBalancerInterceptor] is not eligible for getting processed by all BeanPostProcessors (for example: not eligible for auto-proxying). Is this bean getting eagerly injected into a currently created BeanPostProcessor [lbRestClientPostProcessor]? Check the corresponding BeanPostProcessor declaration and its dependencies.
2025-12-29 09:15:01 [main] INFO  o.s.b.w.e.tomcat.TomcatWebServer - Tomcat initialized with port 0 (http)
2025-12-29 09:15:01 [main] INFO  o.a.coyote.http11.Http11NioProtocol - Initializing ProtocolHandler ["http-nio-auto-1"]
2025-12-29 09:15:01 [main] INFO  o.a.catalina.core.StandardService - Starting service [Tomcat]
2025-12-29 09:15:01 [main] INFO  o.a.catalina.core.StandardEngine - Starting Servlet engine: [Apache Tomcat/10.1.16]
2025-12-29 09:15:01 [main] INFO  o.a.c.c.C.[Tomcat].[localhost].[/] - Initializing Spring embedded WebApplicationContext
2025-12-29 09:15:01 [main] INFO  o.s.b.w.s.c.ServletWebServerApplicationContext - Root WebApplicationContext: initialization completed in 1816 ms
2025-12-29 09:15:01 [main] INFO  com.zaxxer.hikari.HikariDataSource - HikariPool-1 - Starting...
2025-12-29 09:15:01 [main] INFO  com.zaxxer.hikari.pool.HikariPool - HikariPool-1 - Added connection com.mysql.cj.jdbc.ConnectionImpl@611587f7
2025-12-29 09:15:01 [main] INFO  com.zaxxer.hikari.HikariDataSource - HikariPool-1 - Start completed.
2025-12-29 09:15:01 [main] INFO  o.h.jpa.internal.util.LogHelper - HHH000204: Processing PersistenceUnitInfo [name: default]
2025-12-29 09:15:01 [main] INFO  org.hibernate.Version - HHH000412: Hibernate ORM core version 6.3.1.Final
2025-12-29 09:15:01 [main] INFO  o.h.c.i.RegionFactoryInitiator - HHH000026: Second-level cache disabled
2025-12-29 09:15:02 [main] INFO  o.s.o.j.p.SpringPersistenceUnitInfo - No LoadTimeWeaver setup: ignoring JPA class transformer
2025-12-29 09:15:02 [main] WARN  org.hibernate.orm.deprecation - HHH90000025: MySQL8Dialect does not need to be specified explicitly using 'hibernate.dialect' (remove the property setting and it will be selected by default)
2025-12-29 09:15:02 [main] WARN  org.hibernate.orm.deprecation - HHH90000026: MySQL8Dialect has been deprecated; use org.hibernate.dialect.MySQLDialect instead
2025-12-29 09:15:02 [main] INFO  o.h.e.t.j.p.i.JtaPlatformInitiator - HHH000489: No JTA platform available (set 'hibernate.transaction.jta.platform' to enable JTA platform integration)
2025-12-29 09:15:02 [main] INFO  o.s.o.j.LocalContainerEntityManagerFactoryBean - Initialized JPA EntityManagerFactory for persistence unit 'default'
2025-12-29 09:15:03 [main] WARN  o.s.b.a.o.j.JpaBaseConfiguration$JpaWebConfiguration - spring.jpa.open-in-view is enabled by default. Therefore, database queries may be performed during view rendering. Explicitly configure spring.jpa.open-in-view to disable this warning
2025-12-29 09:15:04 [main] TRACE o.s.s.c.a.a.c.AuthenticationConfiguration$EnableGlobalAuthenticationAutowiredConfigurer - Eagerly initializing {org.springframework.boot.autoconfigure.security.servlet.SpringBootWebSecurityConfiguration$WebSecurityEnablerConfiguration=org.springframework.boot.autoconfigure.security.servlet.SpringBootWebSecurityConfiguration$WebSecurityEnablerConfiguration@27b7913}
2025-12-29 09:15:04 [main] WARN  o.s.b.a.s.s.UserDetailsServiceAutoConfiguration - 

Using generated security password: 1970258f-fa9b-4a88-b424-6fa0b87b7696

This generated password is for development use only. Your security configuration must be updated before running your application in production.

2025-12-29 09:15:04 [main] INFO  o.s.s.web.DefaultSecurityFilterChain - Will secure any request with [org.springframework.security.web.session.DisableEncodeUrlFilter@486d1868, org.springframework.security.web.context.request.async.WebAsyncManagerIntegrationFilter@5d4af473, org.springframework.security.web.context.SecurityContextHolderFilter@6012bee8, org.springframework.security.web.header.HeaderWriterFilter@696d28ee, org.springframework.web.filter.CorsFilter@31f96cf, org.springframework.security.web.csrf.CsrfFilter@41ad6c00, org.springframework.security.web.authentication.logout.LogoutFilter@517fb2c3, org.springframework.security.web.authentication.UsernamePasswordAuthenticationFilter@1d0f03f6, org.springframework.security.web.authentication.ui.DefaultLoginPageGeneratingFilter@b67b359, org.springframework.security.web.authentication.ui.DefaultLogoutPageGeneratingFilter@3dc5eb8f, org.springframework.security.web.authentication.www.BasicAuthenticationFilter@73ccdfc1, org.springframework.security.web.savedrequest.RequestCacheAwareFilter@62d72091, org.springframework.security.web.servletapi.SecurityContextHolderAwareRequestFilter@76a86677, org.springframework.security.web.authentication.AnonymousAuthenticationFilter@1d4b0a07, org.springframework.security.web.access.ExceptionTranslationFilter@57f83dc7, org.springframework.security.web.access.intercept.AuthorizationFilter@163cd4a6]
2025-12-29 09:15:04 [main] WARN  o.s.c.l.c.LoadBalancerCacheAutoConfiguration$LoadBalancerCaffeineWarnLogger - Spring Cloud LoadBalancer is currently working with the default cache. While this cache implementation is useful for development and tests, it's recommended to use Caffeine cache in production.You can switch to using Caffeine cache, by adding it and org.springframework.cache.caffeine.CaffeineCacheManager to the classpath.
2025-12-29 09:15:04 [main] INFO  o.a.coyote.http11.Http11NioProtocol - Starting ProtocolHandler ["http-nio-auto-1"]
2025-12-29 09:15:04 [main] INFO  o.s.b.w.e.tomcat.TomcatWebServer - Tomcat started on port 64012 (http) with context path ''
2025-12-29 09:15:04 [main] INFO  com.alibaba.nacos.client.naming - initializer namespace from ans.namespace attribute : null
2025-12-29 09:15:04 [main] INFO  com.alibaba.nacos.client.naming - initializer namespace from ALIBABA_ALIWARE_NAMESPACE attribute :null
2025-12-29 09:15:04 [main] INFO  com.alibaba.nacos.client.naming - initializer namespace from namespace attribute :null
2025-12-29 09:15:04 [main] INFO  com.alibaba.nacos.client.naming - FailoverDataSource type is class com.alibaba.nacos.client.naming.backups.datasource.DiskFailoverDataSource
2025-12-29 09:15:04 [main] INFO  c.a.n.p.a.s.c.ClientAuthPluginManager - [ClientAuthPluginManager] Load ClientAuthService com.alibaba.nacos.client.auth.impl.NacosClientAuthServiceImpl success.
2025-12-29 09:15:04 [main] INFO  c.a.n.p.a.s.c.ClientAuthPluginManager - [ClientAuthPluginManager] Load ClientAuthService com.alibaba.nacos.client.auth.ram.RamClientAuthServiceImpl success.
2025-12-29 09:15:04 [main] INFO  c.alibaba.nacos.common.remote.client - [RpcClientFactory] create a new rpc client of 05e5778b-7250-48a4-9d45-bd4c366837c2
2025-12-29 09:15:04 [main] INFO  com.alibaba.nacos.client.naming - Create naming rpc client for uuid->05e5778b-7250-48a4-9d45-bd4c366837c2
2025-12-29 09:15:04 [main] INFO  c.alibaba.nacos.common.remote.client - [05e5778b-7250-48a4-9d45-bd4c366837c2] RpcClient init, ServerListFactory = com.alibaba.nacos.client.naming.core.ServerListManager
2025-12-29 09:15:04 [main] INFO  c.alibaba.nacos.common.remote.client - [05e5778b-7250-48a4-9d45-bd4c366837c2] Registry connection listener to current client:com.alibaba.nacos.client.naming.remote.gprc.redo.NamingGrpcRedoService
2025-12-29 09:15:04 [main] INFO  c.alibaba.nacos.common.remote.client - [05e5778b-7250-48a4-9d45-bd4c366837c2] Register server push request handler:com.alibaba.nacos.client.naming.remote.gprc.NamingPushRequestHandler
2025-12-29 09:15:04 [main] INFO  c.alibaba.nacos.common.remote.client - [05e5778b-7250-48a4-9d45-bd4c366837c2] Try to connect to server on start up, server: {serverIp = '127.0.0.1', server main port = 8848}
2025-12-29 09:15:04 [main] INFO  c.a.n.c.r.client.grpc.GrpcClient - grpc client connection server:127.0.0.1 ip,serverPort:9848,grpcTslConfig:{"sslProvider":"","enableTls":false,"mutualAuthEnable":false,"trustAll":false}
2025-12-29 09:15:04 [main] INFO  c.alibaba.nacos.common.remote.client - [05e5778b-7250-48a4-9d45-bd4c366837c2] Success to connect to server [127.0.0.1:8848] on start up, connectionId = 1766970904672_127.0.0.1_64013
2025-12-29 09:15:04 [main] INFO  c.alibaba.nacos.common.remote.client - [05e5778b-7250-48a4-9d45-bd4c366837c2] Register server push request handler:com.alibaba.nacos.common.remote.client.RpcClient$ConnectResetRequestHandler
2025-12-29 09:15:04 [com.alibaba.nacos.client.remote.worker.0] INFO  c.alibaba.nacos.common.remote.client - [05e5778b-7250-48a4-9d45-bd4c366837c2] Notify connected event to listeners.
2025-12-29 09:15:04 [main] INFO  c.alibaba.nacos.common.remote.client - [05e5778b-7250-48a4-9d45-bd4c366837c2] Register server push request handler:com.alibaba.nacos.common.remote.client.RpcClient$$Lambda$602/0x0000000801076468
2025-12-29 09:15:04 [com.alibaba.nacos.client.remote.worker.0] INFO  com.alibaba.nacos.client.naming - Grpc connection connect
2025-12-29 09:15:04 [main] INFO  com.alibaba.nacos.client.naming - [REGISTER-SERVICE] public registering service event with instance Instance{instanceId='null', ip='192.168.183.1', port=64012, weight=1.0, healthy=true, enabled=true, ephemeral=true, clusterName='DEFAULT', serviceName='null', metadata={IPv6=[2001:da8:d002:b001:0:3d:6c1f:33db], preserved.register.source=SPRING_CLOUD}}
2025-12-29 09:15:04 [main] INFO  c.a.c.n.r.NacosServiceRegistry - nacos registry, DEFAULT_GROUP event 192.168.183.1:64012 register finished
2025-12-29 09:15:04 [main] INFO  com.example.event.EventApplication - Started EventApplication in 9.656 seconds (process running for 10.6)
2025-12-29 09:15:04 [main] INFO  c.a.n.client.config.impl.CacheData - config listener notify warn timeout millis use default 60000 millis 
2025-12-29 09:15:04 [main] INFO  c.a.n.client.config.impl.CacheData - nacos.cache.data.init.snapshot = true 
2025-12-29 09:15:04 [main] INFO  c.a.n.c.config.impl.ClientWorker - [fixed-127.0.0.1_8848] [subscribe] event-test.properties+DEFAULT_GROUP
2025-12-29 09:15:04 [main] INFO  c.a.n.client.config.impl.CacheData - [fixed-127.0.0.1_8848] [add-listener] ok, tenant=, dataId=event-test.properties, group=DEFAULT_GROUP, cnt=1
2025-12-29 09:15:04 [main] INFO  c.a.c.n.r.NacosContextRefresher - [Nacos Config] Listening config: dataId=event-test.properties, group=DEFAULT_GROUP
2025-12-29 09:15:04 [main] INFO  c.a.n.c.config.impl.ClientWorker - [fixed-127.0.0.1_8848] [subscribe] event+DEFAULT_GROUP
2025-12-29 09:15:04 [main] INFO  c.a.n.client.config.impl.CacheData - [fixed-127.0.0.1_8848] [add-listener] ok, tenant=, dataId=event, group=DEFAULT_GROUP, cnt=1
2025-12-29 09:15:04 [main] INFO  c.a.c.n.r.NacosContextRefresher - [Nacos Config] Listening config: dataId=event, group=DEFAULT_GROUP
2025-12-29 09:15:04 [main] INFO  c.a.n.c.config.impl.ClientWorker - [fixed-127.0.0.1_8848] [subscribe] event.properties+DEFAULT_GROUP
2025-12-29 09:15:04 [main] INFO  c.a.n.client.config.impl.CacheData - [fixed-127.0.0.1_8848] [add-listener] ok, tenant=, dataId=event.properties, group=DEFAULT_GROUP, cnt=1
2025-12-29 09:15:04 [main] INFO  c.a.c.n.r.NacosContextRefresher - [Nacos Config] Listening config: dataId=event.properties, group=DEFAULT_GROUP
2025-12-29 09:15:41 [main] INFO  c.a.nacos.client.utils.ParamUtil - [settings] [req-serv] nacos-server port:8848
2025-12-29 09:15:41 [main] INFO  c.a.nacos.client.utils.ParamUtil - [settings] [http-client] connect timeout:1000
2025-12-29 09:15:41 [Thread-1] INFO  c.a.n.c.a.r.i.CredentialWatcher - null No credential found
2025-12-29 09:15:41 [main] INFO  c.a.nacos.client.utils.ParamUtil - PER_TASK_CONFIG_SIZE: 3000.0
2025-12-29 09:15:41 [main] INFO  com.alibaba.nacos.common.labels - DefaultLabelsCollectorManager get labels.....
2025-12-29 09:15:41 [main] INFO  com.alibaba.nacos.common.labels - Process LabelsCollector with [name:defaultNacosLabelsCollector]
2025-12-29 09:15:41 [main] INFO  com.alibaba.nacos.common.labels - default nacos collect properties raw labels: null
2025-12-29 09:15:41 [main] INFO  com.alibaba.nacos.common.labels - default nacos collect properties labels: {}
2025-12-29 09:15:41 [main] INFO  com.alibaba.nacos.common.labels - default nacos collect jvm raw labels: null
2025-12-29 09:15:41 [main] INFO  com.alibaba.nacos.common.labels - default nacos collect jvm labels: {}
2025-12-29 09:15:41 [main] INFO  com.alibaba.nacos.common.labels - default nacos collect env raw labels: null
2025-12-29 09:15:41 [main] INFO  com.alibaba.nacos.common.labels - default nacos collect env labels: {}
2025-12-29 09:15:41 [main] INFO  com.alibaba.nacos.common.labels - DefaultLabelsCollectorManager get labels finished,labels :{}
2025-12-29 09:15:41 [main] INFO  c.a.n.p.a.s.c.ClientAuthPluginManager - [ClientAuthPluginManager] Load ClientAuthService com.alibaba.nacos.client.auth.impl.NacosClientAuthServiceImpl success.
2025-12-29 09:15:41 [main] INFO  c.a.n.p.a.s.c.ClientAuthPluginManager - [ClientAuthPluginManager] Load ClientAuthService com.alibaba.nacos.client.auth.ram.RamClientAuthServiceImpl success.
2025-12-29 09:15:42 [main] INFO  c.a.n.c.c.i.LocalConfigInfoProcessor - LOCAL_SNAPSHOT_PATH:C:\Users\24148\nacos\config
2025-12-29 09:15:42 [main] INFO  c.alibaba.nacos.common.remote.client - [RpcClientFactory] create a new rpc client of e9b318ed-0f32-4573-9d3e-c9c077490532_config-0
2025-12-29 09:15:42 [main] INFO  c.alibaba.nacos.common.remote.client - [e9b318ed-0f32-4573-9d3e-c9c077490532_config-0] Register server push request handler:com.alibaba.nacos.client.config.impl.ClientWorker$ConfigRpcTransportClient$$Lambda$579/0x0000000800f2d1a0
2025-12-29 09:15:42 [main] INFO  c.alibaba.nacos.common.remote.client - [e9b318ed-0f32-4573-9d3e-c9c077490532_config-0] Register server push request handler:com.alibaba.nacos.client.config.impl.ClientWorker$ConfigRpcTransportClient$$Lambda$580/0x0000000800f2d5c0
2025-12-29 09:15:42 [main] INFO  c.alibaba.nacos.common.remote.client - [e9b318ed-0f32-4573-9d3e-c9c077490532_config-0] Registry connection listener to current client:com.alibaba.nacos.client.config.impl.ClientWorker$ConfigRpcTransportClient$1
2025-12-29 09:15:42 [main] INFO  c.alibaba.nacos.common.remote.client - [e9b318ed-0f32-4573-9d3e-c9c077490532_config-0] RpcClient init, ServerListFactory = com.alibaba.nacos.client.config.impl.ClientWorker$ConfigRpcTransportClient$2
2025-12-29 09:15:42 [main] INFO  c.alibaba.nacos.common.remote.client - [e9b318ed-0f32-4573-9d3e-c9c077490532_config-0] Try to connect to server on start up, server: {serverIp = '127.0.0.1', server main port = 8848}
2025-12-29 09:15:42 [main] INFO  c.a.n.c.r.client.grpc.GrpcClient - grpc client connection server:127.0.0.1 ip,serverPort:9848,grpcTslConfig:{"sslProvider":"","enableTls":false,"mutualAuthEnable":false,"trustAll":false}
2025-12-29 09:15:43 [main] INFO  c.a.n.c.a.AbstractAbilityControlManager - Ready to get current node abilities...
2025-12-29 09:15:43 [main] INFO  c.a.n.c.a.AbstractAbilityControlManager - Ready to initialize current node abilities, support modes: [SDK_CLIENT]
2025-12-29 09:15:43 [main] INFO  c.a.n.c.a.AbstractAbilityControlManager - Initialize current abilities finish...
2025-12-29 09:15:43 [main] INFO  c.a.n.c.a.d.NacosAbilityManagerHolder - [AbilityControlManager] Successfully initialize AbilityControlManager
2025-12-29 09:15:43 [main] INFO  c.alibaba.nacos.common.remote.client - [e9b318ed-0f32-4573-9d3e-c9c077490532_config-0] Success to connect to server [127.0.0.1:8848] on start up, connectionId = 1766970942935_127.0.0.1_60163
2025-12-29 09:15:43 [main] INFO  c.alibaba.nacos.common.remote.client - [e9b318ed-0f32-4573-9d3e-c9c077490532_config-0] Register server push request handler:com.alibaba.nacos.common.remote.client.RpcClient$ConnectResetRequestHandler
2025-12-29 09:15:43 [com.alibaba.nacos.client.remote.worker.0] INFO  c.alibaba.nacos.common.remote.client - [e9b318ed-0f32-4573-9d3e-c9c077490532_config-0] Notify connected event to listeners.
2025-12-29 09:15:43 [com.alibaba.nacos.client.remote.worker.0] INFO  c.a.n.c.config.impl.ClientWorker - [e9b318ed-0f32-4573-9d3e-c9c077490532_config-0] Connected,notify listen context...
2025-12-29 09:15:43 [main] INFO  c.alibaba.nacos.common.remote.client - [e9b318ed-0f32-4573-9d3e-c9c077490532_config-0] Register server push request handler:com.alibaba.nacos.common.remote.client.RpcClient$$Lambda$602/0x0000000801075308
2025-12-29 09:15:43 [main] INFO  c.a.nacos.client.config.impl.Limiter - limitTime:5.0
2025-12-29 09:15:43 [main] WARN  c.a.c.n.c.NacosPropertySourceBuilder - Ignore the empty nacos configuration and get it based on dataId[event] & group[DEFAULT_GROUP]
2025-12-29 09:15:43 [main] WARN  c.a.c.n.c.NacosPropertySourceBuilder - Ignore the empty nacos configuration and get it based on dataId[event.properties] & group[DEFAULT_GROUP]
2025-12-29 09:15:43 [main] WARN  c.a.c.n.c.NacosPropertySourceBuilder - Ignore the empty nacos configuration and get it based on dataId[event-test.properties] & group[DEFAULT_GROUP]
2025-12-29 09:15:43 [main] INFO  o.s.c.b.c.PropertySourceBootstrapConfiguration - Located property source: [BootstrapPropertySource {name='bootstrapProperties-event-test.properties,DEFAULT_GROUP'}, BootstrapPropertySource {name='bootstrapProperties-event.properties,DEFAULT_GROUP'}, BootstrapPropertySource {name='bootstrapProperties-event,DEFAULT_GROUP'}]
2025-12-29 09:15:43 [main] INFO  com.example.event.EventApplication - The following 1 profile is active: "test"
2025-12-29 09:15:44 [main] INFO  o.s.d.r.c.RepositoryConfigurationDelegate - Multiple Spring Data modules found, entering strict repository configuration mode
2025-12-29 09:15:44 [main] INFO  o.s.d.r.c.RepositoryConfigurationDelegate - Bootstrapping Spring Data JDBC repositories in DEFAULT mode.
2025-12-29 09:15:44 [main] INFO  o.s.d.r.c.RepositoryConfigurationDelegate - Finished Spring Data repository scanning in 7 ms. Found 0 JDBC repository interfaces.
2025-12-29 09:15:44 [main] INFO  o.s.d.r.c.RepositoryConfigurationDelegate - Multiple Spring Data modules found, entering strict repository configuration mode
2025-12-29 09:15:44 [main] INFO  o.s.d.r.c.RepositoryConfigurationDelegate - Bootstrapping Spring Data JPA repositories in DEFAULT mode.
2025-12-29 09:15:44 [main] INFO  o.s.d.r.c.RepositoryConfigurationDelegate - Finished Spring Data repository scanning in 1 ms. Found 0 JPA repository interfaces.
2025-12-29 09:15:44 [main] INFO  o.s.cloud.context.scope.GenericScope - BeanFactory id=8dfef797-bcf3-3dfb-9a38-08404d621c77
2025-12-29 09:15:45 [main] WARN  o.s.c.s.PostProcessorRegistrationDelegate$BeanPostProcessorChecker - Bean 'org.springframework.cloud.client.loadbalancer.LoadBalancerAutoConfiguration$LoadBalancerInterceptorConfig' of type [org.springframework.cloud.client.loadbalancer.LoadBalancerAutoConfiguration$LoadBalancerInterceptorConfig] is not eligible for getting processed by all BeanPostProcessors (for example: not eligible for auto-proxying). The currently created BeanPostProcessor [lbRestClientPostProcessor] is declared through a non-static factory method on that class; consider declaring it as static instead.
2025-12-29 09:15:45 [main] WARN  o.s.c.s.PostProcessorRegistrationDelegate$BeanPostProcessorChecker - Bean 'org.springframework.cloud.loadbalancer.config.BlockingLoadBalancerClientAutoConfiguration' of type [org.springframework.cloud.loadbalancer.config.BlockingLoadBalancerClientAutoConfiguration] is not eligible for getting processed by all BeanPostProcessors (for example: not eligible for auto-proxying). Is this bean getting eagerly injected into a currently created BeanPostProcessor [lbRestClientPostProcessor]? Check the corresponding BeanPostProcessor declaration and its dependencies.
2025-12-29 09:15:45 [main] WARN  o.s.c.s.PostProcessorRegistrationDelegate$BeanPostProcessorChecker - Bean 'org.springframework.cloud.loadbalancer.config.LoadBalancerAutoConfiguration' of type [org.springframework.cloud.loadbalancer.config.LoadBalancerAutoConfiguration] is not eligible for getting processed by all BeanPostProcessors (for example: not eligible for auto-proxying). Is this bean getting eagerly injected into a currently created BeanPostProcessor [lbRestClientPostProcessor]? Check the corresponding BeanPostProcessor declaration and its dependencies.
2025-12-29 09:15:45 [main] WARN  o.s.c.s.PostProcessorRegistrationDelegate$BeanPostProcessorChecker - Bean 'org.springframework.cloud.commons.config.CommonsConfigAutoConfiguration' of type [org.springframework.cloud.commons.config.CommonsConfigAutoConfiguration] is not eligible for getting processed by all BeanPostProcessors (for example: not eligible for auto-proxying). Is this bean getting eagerly injected into a currently created BeanPostProcessor [lbRestClientPostProcessor]? Check the corresponding BeanPostProcessor declaration and its dependencies.
2025-12-29 09:15:45 [main] WARN  o.s.c.s.PostProcessorRegistrationDelegate$BeanPostProcessorChecker - Bean 'org.springframework.cloud.client.loadbalancer.LoadBalancerDefaultMappingsProviderAutoConfiguration' of type [org.springframework.cloud.client.loadbalancer.LoadBalancerDefaultMappingsProviderAutoConfiguration] is not eligible for getting processed by all BeanPostProcessors (for example: not eligible for auto-proxying). Is this bean getting eagerly injected into a currently created BeanPostProcessor [lbRestClientPostProcessor]? Check the corresponding BeanPostProcessor declaration and its dependencies.
2025-12-29 09:15:45 [main] WARN  o.s.c.s.PostProcessorRegistrationDelegate$BeanPostProcessorChecker - Bean 'loadBalancerClientsDefaultsMappingsProvider' of type [org.springframework.cloud.client.loadbalancer.LoadBalancerDefaultMappingsProviderAutoConfiguration$$Lambda$762/0x00000008011d7278] is not eligible for getting processed by all BeanPostProcessors (for example: not eligible for auto-proxying). Is this bean getting eagerly injected into a currently created BeanPostProcessor [lbRestClientPostProcessor]? Check the corresponding BeanPostProcessor declaration and its dependencies.
2025-12-29 09:15:45 [main] WARN  o.s.c.s.PostProcessorRegistrationDelegate$BeanPostProcessorChecker - Bean 'defaultsBindHandlerAdvisor' of type [org.springframework.cloud.commons.config.DefaultsBindHandlerAdvisor] is not eligible for getting processed by all BeanPostProcessors (for example: not eligible for auto-proxying). Is this bean getting eagerly injected into a currently created BeanPostProcessor [lbRestClientPostProcessor]? Check the corresponding BeanPostProcessor declaration and its dependencies.
2025-12-29 09:15:45 [main] WARN  o.s.c.s.PostProcessorRegistrationDelegate$BeanPostProcessorChecker - Bean 'spring.cloud.loadbalancer-org.springframework.cloud.client.loadbalancer.LoadBalancerClientsProperties' of type [org.springframework.cloud.client.loadbalancer.LoadBalancerClientsProperties] is not eligible for getting processed by all BeanPostProcessors (for example: not eligible for auto-proxying). Is this bean getting eagerly injected into a currently created BeanPostProcessor [lbRestClientPostProcessor]? Check the corresponding BeanPostProcessor declaration and its dependencies.
2025-12-29 09:15:45 [main] WARN  o.s.c.s.PostProcessorRegistrationDelegate$BeanPostProcessorChecker - Bean 'default.org.springframework.cloud.loadbalancer.config.LoadBalancerAutoConfiguration.LoadBalancerClientSpecification' of type [org.springframework.cloud.loadbalancer.annotation.LoadBalancerClientSpecification] is not eligible for getting processed by all BeanPostProcessors (for example: not eligible for auto-proxying). Is this bean getting eagerly injected into a currently created BeanPostProcessor [lbRestClientPostProcessor]? Check the corresponding BeanPostProcessor declaration and its dependencies.
2025-12-29 09:15:45 [main] WARN  o.s.c.s.PostProcessorRegistrationDelegate$BeanPostProcessorChecker - Bean 'default.org.springframework.cloud.loadbalancer.config.BlockingLoadBalancerClientAutoConfiguration.LoadBalancerClientSpecification' of type [org.springframework.cloud.loadbalancer.annotation.LoadBalancerClientSpecification] is not eligible for getting processed by all BeanPostProcessors (for example: not eligible for auto-proxying). Is this bean getting eagerly injected into a currently created BeanPostProcessor [lbRestClientPostProcessor]? Check the corresponding BeanPostProcessor declaration and its dependencies.
2025-12-29 09:15:45 [main] WARN  o.s.c.s.PostProcessorRegistrationDelegate$BeanPostProcessorChecker - Bean 'loadBalancerClientFactory' of type [org.springframework.cloud.loadbalancer.support.LoadBalancerClientFactory] is not eligible for getting processed by all BeanPostProcessors (for example: not eligible for auto-proxying). Is this bean getting eagerly injected into a currently created BeanPostProcessor [lbRestClientPostProcessor]? Check the corresponding BeanPostProcessor declaration and its dependencies.
2025-12-29 09:15:45 [main] WARN  o.s.c.s.PostProcessorRegistrationDelegate$BeanPostProcessorChecker - Bean 'blockingLoadBalancerClient' of type [org.springframework.cloud.loadbalancer.blocking.client.BlockingLoadBalancerClient] is not eligible for getting processed by all BeanPostProcessors (for example: not eligible for auto-proxying). Is this bean getting eagerly injected into a currently created BeanPostProcessor [lbRestClientPostProcessor]? Check the corresponding BeanPostProcessor declaration and its dependencies.
2025-12-29 09:15:45 [main] WARN  o.s.c.s.PostProcessorRegistrationDelegate$BeanPostProcessorChecker - Bean 'loadBalancerServiceInstanceCookieTransformer' of type [org.springframework.cloud.loadbalancer.core.LoadBalancerServiceInstanceCookieTransformer] is not eligible for getting processed by all BeanPostProcessors (for example: not eligible for auto-proxying). Is this bean getting eagerly injected into a currently created BeanPostProcessor [lbRestClientPostProcessor]? Check the corresponding BeanPostProcessor declaration and its dependencies.
2025-12-29 09:15:45 [main] WARN  o.s.c.s.PostProcessorRegistrationDelegate$BeanPostProcessorChecker - Bean 'xForwarderHeadersTransformer' of type [org.springframework.cloud.loadbalancer.blocking.XForwardedHeadersTransformer] is not eligible for getting processed by all BeanPostProcessors (for example: not eligible for auto-proxying). Is this bean getting eagerly injected into a currently created BeanPostProcessor [lbRestClientPostProcessor]? Check the corresponding BeanPostProcessor declaration and its dependencies.
2025-12-29 09:15:45 [main] WARN  o.s.c.s.PostProcessorRegistrationDelegate$BeanPostProcessorChecker - Bean 'org.springframework.cloud.client.loadbalancer.LoadBalancerAutoConfiguration' of type [org.springframework.cloud.client.loadbalancer.LoadBalancerAutoConfiguration] is not eligible for getting processed by all BeanPostProcessors (for example: not eligible for auto-proxying). Is this bean getting eagerly injected into a currently created BeanPostProcessor [lbRestClientPostProcessor]? Check the corresponding BeanPostProcessor declaration and its dependencies.
2025-12-29 09:15:45 [main] WARN  o.s.c.s.PostProcessorRegistrationDelegate$BeanPostProcessorChecker - Bean 'loadBalancerRequestFactory' of type [org.springframework.cloud.client.loadbalancer.LoadBalancerRequestFactory] is not eligible for getting processed by all BeanPostProcessors (for example: not eligible for auto-proxying). Is this bean getting eagerly injected into a currently created BeanPostProcessor [lbRestClientPostProcessor]? Check the corresponding BeanPostProcessor declaration and its dependencies.
2025-12-29 09:15:45 [main] WARN  o.s.c.s.PostProcessorRegistrationDelegate$BeanPostProcessorChecker - Bean 'loadBalancerInterceptor' of type [org.springframework.cloud.client.loadbalancer.LoadBalancerInterceptor] is not eligible for getting processed by all BeanPostProcessors (for example: not eligible for auto-proxying). Is this bean getting eagerly injected into a currently created BeanPostProcessor [lbRestClientPostProcessor]? Check the corresponding BeanPostProcessor declaration and its dependencies.
2025-12-29 09:15:45 [main] INFO  o.s.b.w.e.tomcat.TomcatWebServer - Tomcat initialized with port 0 (http)
2025-12-29 09:15:45 [main] INFO  o.a.coyote.http11.Http11NioProtocol - Initializing ProtocolHandler ["http-nio-auto-1"]
2025-12-29 09:15:45 [main] INFO  o.a.catalina.core.StandardService - Starting service [Tomcat]
2025-12-29 09:15:45 [main] INFO  o.a.catalina.core.StandardEngine - Starting Servlet engine: [Apache Tomcat/10.1.16]
2025-12-29 09:15:45 [main] INFO  o.a.c.c.C.[Tomcat].[localhost].[/] - Initializing Spring embedded WebApplicationContext
2025-12-29 09:15:45 [main] INFO  o.s.b.w.s.c.ServletWebServerApplicationContext - Root WebApplicationContext: initialization completed in 2354 ms
2025-12-29 09:15:46 [main] INFO  com.zaxxer.hikari.HikariDataSource - HikariPool-1 - Starting...
2025-12-29 09:15:46 [main] INFO  com.zaxxer.hikari.pool.HikariPool - HikariPool-1 - Added connection com.mysql.cj.jdbc.ConnectionImpl@4ab90d01
2025-12-29 09:15:46 [main] INFO  com.zaxxer.hikari.HikariDataSource - HikariPool-1 - Start completed.
2025-12-29 09:15:46 [main] INFO  o.h.jpa.internal.util.LogHelper - HHH000204: Processing PersistenceUnitInfo [name: default]
2025-12-29 09:15:46 [main] INFO  org.hibernate.Version - HHH000412: Hibernate ORM core version 6.3.1.Final
2025-12-29 09:15:46 [main] INFO  o.h.c.i.RegionFactoryInitiator - HHH000026: Second-level cache disabled
2025-12-29 09:15:47 [main] INFO  o.s.o.j.p.SpringPersistenceUnitInfo - No LoadTimeWeaver setup: ignoring JPA class transformer
2025-12-29 09:15:47 [main] WARN  org.hibernate.orm.deprecation - HHH90000025: MySQL8Dialect does not need to be specified explicitly using 'hibernate.dialect' (remove the property setting and it will be selected by default)
2025-12-29 09:15:47 [main] WARN  org.hibernate.orm.deprecation - HHH90000026: MySQL8Dialect has been deprecated; use org.hibernate.dialect.MySQLDialect instead
2025-12-29 09:15:47 [main] INFO  o.h.e.t.j.p.i.JtaPlatformInitiator - HHH000489: No JTA platform available (set 'hibernate.transaction.jta.platform' to enable JTA platform integration)
2025-12-29 09:15:47 [main] INFO  o.s.o.j.LocalContainerEntityManagerFactoryBean - Initialized JPA EntityManagerFactory for persistence unit 'default'
2025-12-29 09:15:48 [main] WARN  o.s.b.a.o.j.JpaBaseConfiguration$JpaWebConfiguration - spring.jpa.open-in-view is enabled by default. Therefore, database queries may be performed during view rendering. Explicitly configure spring.jpa.open-in-view to disable this warning
2025-12-29 09:15:48 [main] TRACE o.s.s.c.a.a.c.AuthenticationConfiguration$EnableGlobalAuthenticationAutowiredConfigurer - Eagerly initializing {com.example.common.config.SecurityConfig=com.example.common.config.SecurityConfig$$SpringCGLIB$$0@428e9be2}
2025-12-29 09:15:48 [main] WARN  o.s.b.a.s.s.UserDetailsServiceAutoConfiguration - 

Using generated security password: c3ca6664-f74b-49dc-95b1-0efbd2695181

This generated password is for development use only. Your security configuration must be updated before running your application in production.

2025-12-29 09:15:48 [main] INFO  o.s.s.web.DefaultSecurityFilterChain - Will secure any request with [org.springframework.security.web.session.DisableEncodeUrlFilter@597eb9ac, org.springframework.security.web.context.request.async.WebAsyncManagerIntegrationFilter@65c66fc4, org.springframework.security.web.context.SecurityContextHolderFilter@18c432ed, org.springframework.security.web.header.HeaderWriterFilter@73db1a6, org.springframework.web.filter.CorsFilter@7a90f33d, org.springframework.security.web.authentication.logout.LogoutFilter@715d82a0, org.springframework.security.web.savedrequest.RequestCacheAwareFilter@3fae357f, org.springframework.security.web.servletapi.SecurityContextHolderAwareRequestFilter@50bc0bbd, org.springframework.security.web.authentication.AnonymousAuthenticationFilter@7c7b27c, org.springframework.security.web.session.SessionManagementFilter@c22cf4d, org.springframework.security.web.access.ExceptionTranslationFilter@678b3746, org.springframework.security.web.access.intercept.AuthorizationFilter@7d48299e]
2025-12-29 09:15:49 [main] WARN  o.s.c.l.c.LoadBalancerCacheAutoConfiguration$LoadBalancerCaffeineWarnLogger - Spring Cloud LoadBalancer is currently working with the default cache. While this cache implementation is useful for development and tests, it's recommended to use Caffeine cache in production.You can switch to using Caffeine cache, by adding it and org.springframework.cache.caffeine.CaffeineCacheManager to the classpath.
2025-12-29 09:15:49 [main] INFO  o.a.coyote.http11.Http11NioProtocol - Starting ProtocolHandler ["http-nio-auto-1"]
2025-12-29 09:15:49 [main] INFO  o.s.b.w.e.tomcat.TomcatWebServer - Tomcat started on port 60184 (http) with context path ''
2025-12-29 09:15:49 [main] INFO  com.alibaba.nacos.client.naming - initializer namespace from ans.namespace attribute : null
2025-12-29 09:15:49 [main] INFO  com.alibaba.nacos.client.naming - initializer namespace from ALIBABA_ALIWARE_NAMESPACE attribute :null
2025-12-29 09:15:49 [main] INFO  com.alibaba.nacos.client.naming - initializer namespace from namespace attribute :null
2025-12-29 09:15:49 [main] INFO  com.alibaba.nacos.client.naming - FailoverDataSource type is class com.alibaba.nacos.client.naming.backups.datasource.DiskFailoverDataSource
2025-12-29 09:15:49 [main] INFO  c.a.n.p.a.s.c.ClientAuthPluginManager - [ClientAuthPluginManager] Load ClientAuthService com.alibaba.nacos.client.auth.impl.NacosClientAuthServiceImpl success.
2025-12-29 09:15:49 [main] INFO  c.a.n.p.a.s.c.ClientAuthPluginManager - [ClientAuthPluginManager] Load ClientAuthService com.alibaba.nacos.client.auth.ram.RamClientAuthServiceImpl success.
2025-12-29 09:15:49 [main] INFO  c.alibaba.nacos.common.remote.client - [RpcClientFactory] create a new rpc client of 786e6da3-76eb-408a-bcfc-9b029c4e6638
2025-12-29 09:15:49 [main] INFO  com.alibaba.nacos.client.naming - Create naming rpc client for uuid->786e6da3-76eb-408a-bcfc-9b029c4e6638
2025-12-29 09:15:49 [main] INFO  c.alibaba.nacos.common.remote.client - [786e6da3-76eb-408a-bcfc-9b029c4e6638] RpcClient init, ServerListFactory = com.alibaba.nacos.client.naming.core.ServerListManager
2025-12-29 09:15:49 [main] INFO  c.alibaba.nacos.common.remote.client - [786e6da3-76eb-408a-bcfc-9b029c4e6638] Registry connection listener to current client:com.alibaba.nacos.client.naming.remote.gprc.redo.NamingGrpcRedoService
2025-12-29 09:15:49 [main] INFO  c.alibaba.nacos.common.remote.client - [786e6da3-76eb-408a-bcfc-9b029c4e6638] Register server push request handler:com.alibaba.nacos.client.naming.remote.gprc.NamingPushRequestHandler
2025-12-29 09:15:49 [main] INFO  c.alibaba.nacos.common.remote.client - [786e6da3-76eb-408a-bcfc-9b029c4e6638] Try to connect to server on start up, server: {serverIp = '127.0.0.1', server main port = 8848}
2025-12-29 09:15:49 [main] INFO  c.a.n.c.r.client.grpc.GrpcClient - grpc client connection server:127.0.0.1 ip,serverPort:9848,grpcTslConfig:{"sslProvider":"","enableTls":false,"mutualAuthEnable":false,"trustAll":false}
2025-12-29 09:15:49 [main] INFO  c.alibaba.nacos.common.remote.client - [786e6da3-76eb-408a-bcfc-9b029c4e6638] Success to connect to server [127.0.0.1:8848] on start up, connectionId = 1766970949945_127.0.0.1_60185
2025-12-29 09:15:49 [main] INFO  c.alibaba.nacos.common.remote.client - [786e6da3-76eb-408a-bcfc-9b029c4e6638] Register server push request handler:com.alibaba.nacos.common.remote.client.RpcClient$ConnectResetRequestHandler
2025-12-29 09:15:49 [com.alibaba.nacos.client.remote.worker.0] INFO  c.alibaba.nacos.common.remote.client - [786e6da3-76eb-408a-bcfc-9b029c4e6638] Notify connected event to listeners.
2025-12-29 09:15:49 [main] INFO  c.alibaba.nacos.common.remote.client - [786e6da3-76eb-408a-bcfc-9b029c4e6638] Register server push request handler:com.alibaba.nacos.common.remote.client.RpcClient$$Lambda$602/0x0000000801075308
2025-12-29 09:15:49 [com.alibaba.nacos.client.remote.worker.0] INFO  com.alibaba.nacos.client.naming - Grpc connection connect
2025-12-29 09:15:49 [main] INFO  com.alibaba.nacos.client.naming - [REGISTER-SERVICE] public registering service event with instance Instance{instanceId='null', ip='192.168.183.1', port=60184, weight=1.0, healthy=true, enabled=true, ephemeral=true, clusterName='DEFAULT', serviceName='null', metadata={IPv6=[2001:da8:d002:b001:0:3d:6c1f:33db], preserved.register.source=SPRING_CLOUD}}
2025-12-29 09:15:49 [main] INFO  c.a.c.n.r.NacosServiceRegistry - nacos registry, DEFAULT_GROUP event 192.168.183.1:60184 register finished
2025-12-29 09:15:50 [main] INFO  com.example.event.EventApplication - Started EventApplication in 10.911 seconds (process running for 12.188)
2025-12-29 09:15:50 [main] INFO  c.a.n.client.config.impl.CacheData - config listener notify warn timeout millis use default 60000 millis 
2025-12-29 09:15:50 [main] INFO  c.a.n.client.config.impl.CacheData - nacos.cache.data.init.snapshot = true 
2025-12-29 09:15:50 [main] INFO  c.a.n.c.config.impl.ClientWorker - [fixed-127.0.0.1_8848] [subscribe] event-test.properties+DEFAULT_GROUP
2025-12-29 09:15:50 [main] INFO  c.a.n.client.config.impl.CacheData - [fixed-127.0.0.1_8848] [add-listener] ok, tenant=, dataId=event-test.properties, group=DEFAULT_GROUP, cnt=1
2025-12-29 09:15:50 [main] INFO  c.a.c.n.r.NacosContextRefresher - [Nacos Config] Listening config: dataId=event-test.properties, group=DEFAULT_GROUP
2025-12-29 09:15:50 [main] INFO  c.a.n.c.config.impl.ClientWorker - [fixed-127.0.0.1_8848] [subscribe] event+DEFAULT_GROUP
2025-12-29 09:15:50 [main] INFO  c.a.n.client.config.impl.CacheData - [fixed-127.0.0.1_8848] [add-listener] ok, tenant=, dataId=event, group=DEFAULT_GROUP, cnt=1
2025-12-29 09:15:50 [main] INFO  c.a.c.n.r.NacosContextRefresher - [Nacos Config] Listening config: dataId=event, group=DEFAULT_GROUP
2025-12-29 09:15:50 [main] INFO  c.a.n.c.config.impl.ClientWorker - [fixed-127.0.0.1_8848] [subscribe] event.properties+DEFAULT_GROUP
2025-12-29 09:15:50 [main] INFO  c.a.n.client.config.impl.CacheData - [fixed-127.0.0.1_8848] [add-listener] ok, tenant=, dataId=event.properties, group=DEFAULT_GROUP, cnt=1
2025-12-29 09:15:50 [main] INFO  c.a.c.n.r.NacosContextRefresher - [Nacos Config] Listening config: dataId=event.properties, group=DEFAULT_GROUP
